Symbol,Company,Suspended,Delisted,Close Price,Issued Shares,Net Income,Shareholders Equity,Market Cap,Market Cap %,EPS,P/E Ratio,Book Value,P/B Ratio
2030,SARCO,False,False,50.25,15.0,-41.44,278.33,753.75,0.01,-2.763,,18.55,2.7
2222,SAUDI ARAMCO,False,False,26.28,242000.0,412130.0,1569460.0,6359760.0,66.07,1.703,15.431,6.48,4.05
2380,PETRO RABIGH,False,False,18.04,1671.0,2284.0,17150.0,30144.84,0.31,1.367,13.198,10.26,1.75
2381,ARABIAN DRILLING,False,False,91.5,89.0,-182.3,5724.8,8143.5,0.08,-2.048,,64.32,1.42
2382,ADES,False,False,19.2,1129.062,804.8,6909.29,21677.99,0.23,0.713,26.935,6.11,3.13
4030,BAHRI,False,False,36.88,922.851,6387.1,19007.0,34034.74,0.35,6.921,5.328,20.59,1.79
1201,TAKWEEN,False,False,4.83,76.464,-228.65,128.1,369.32,,-2.99,,1.67,2.88
1202,MEPCO,False,False,18.69,86.666,26.15,1644.33,1619.79,0.02,0.302,61.942,18.97,0.98
1210,BCI,False,False,25.28,27.5,45.05,613.07,695.2,0.01,1.638,15.431,22.29,1.13
1211,MAADEN,False,False,69.5,3888.763,7687.16,65226.42,270269.03,2.81,1.977,35.158,16.77,4.14
1301,ASLAK,False,False,19.32,28.08,18.89,370.6,542.51,0.01,0.673,28.719,13.19,1.46
1304,ALYAMAMAH STEEL,False,False,37.36,50.8,165.96,770.01,1897.89,0.02,3.267,11.435,15.15,2.46
1320,SSP,False,False,49.04,51.0,162.0,897.0,2501.04,0.03,3.176,15.438,17.58,2.78
1321,EAST PIPES,False,False,190.0,31.5,606.19,1562.99,5985.0,0.06,19.244,9.873,49.61,3.82
1322,AMAK,False,False,88.2,90.0,247.07,1420.84,7938.0,0.08,2.745,32.128,15.78,5.58
1323,UCIC,False,False,27.5,40.0,105.36,625.54,1100.0,0.01,2.634,10.44,15.63,1.75
1324,SALEH ALRASHED,False,False,38.8,18.6,66.15,400.05,721.68,0.01,3.556,10.909,21.5,1.8
2001,CHEMANOL,False,False,31.9,15.0,-485.55,238.85,478.5,,-32.37,,15.92,2.0
2010,SABIC,False,False,50.3,3000.0,-21320.0,123530.0,150900.0,1.57,-7.107,,41.17,1.22
2020,SABIC AGRI-NUTRIENTS,False,False,129.8,476.035,3884.0,21192.0,61789.34,0.64,8.159,15.908,44.51,2.91
2060,TASNEE,False,False,9.51,668.914,-3484.3,6910.5,6361.37,0.07,-5.209,,10.33,0.92
2090,NGC,False,False,13.61,31.666,-35.93,556.43,430.97,,-1.135,,17.57,0.77
2150,ZOUJAJ,False,False,39.1,32.9,111.7,863.0,1286.39,0.01,3.395,11.516,26.23,1.49
2170,ALUJAIN,False,False,27.94,69.2,-725.01,2559.84,1933.45,0.02,-10.477,,36.99,0.75
2180,FIPCO,False,False,34.5,11.5,1.9,132.2,396.75,,0.165,208.815,11.49,3.0
2200,APC,False,False,5.32,252.0,64.98,483.23,1340.64,0.01,0.258,20.631,1.91,2.77
2210,NAMA CHEMICALS,True,False,18.74,23.52,,,440.76,,,,,
2220,MAADANIYAH,False,False,12.69,35.4,-21.38,217.92,449.23,,-0.604,,6.15,2.06
2223,LUBEREF,False,False,137.9,168.75,1380.68,4967.79,23270.63,0.24,8.182,16.854,29.43,4.68
2240,SENAAT,False,False,27.86,60.0,106.21,527.47,1671.6,0.02,1.77,15.738,8.79,3.16
2250,SIIG,False,False,12.52,679.32,52.0,8782.0,8505.09,0.09,0.077,163.559,12.92,0.96
2290,YANSAB,False,False,33.98,562.5,291.2,10468.5,19113.75,0.2,0.518,65.637,18.61,1.82
2300,SPM,False,False,63.5,37.07,116.61,645.45,2353.95,0.02,3.146,20.186,17.41,3.64
2310,SIPCHEM,False,False,13.35,733.333,-1693.8,12821.3,9790.0,0.1,-2.31,,17.48,0.76
2330,ADVANCED,False,False,24.86,260.0,5.0,2889.0,6463.6,0.07,0.019,1292.72,11.11,2.23
2350,SAUDI KAYAN,False,False,5.25,1500.0,-2309.12,7904.57,7875.0,0.08,-1.539,,5.26,0.99
2360,SVCP,False,False,21.55,15.0,-35.92,45.43,323.25,,-2.395,,3.02,7.11
3002,NAJRAN CEMENT,False,False,5.61,170.0,26.99,2046.94,953.7,0.01,0.159,35.335,12.04,0.46
3003,CITY CEMENT,False,False,10.24,140.0,85.78,1807.47,1433.6,0.01,0.613,16.712,12.91,0.79
3004,NORTHERN CEMENT,False,False,7.1,180.0,66.18,2293.18,1278.0,0.01,0.368,19.31,12.73,0.55
3005,UACC,False,False,12.41,55.0,62.39,896.47,682.55,0.01,1.134,10.94,16.29,0.76
3007,OASIS,False,False,2.87,225.0,41.64,321.23,645.75,0.01,0.185,15.507,1.42,2.01
3008,ALKATHIRI,False,False,1.27,226.044,-49.66,56.26,287.08,,-0.22,,0.24,5.1
3010,ACC,False,False,21.82,100.0,211.3,2562.0,2182.0,0.02,2.113,10.326,25.62,0.85
3020,YC,False,False,23.42,202.5,485.18,5033.96,4742.55,0.05,2.396,9.774,24.85,0.94
3030,SAUDI CEMENT,False,False,28.76,153.0,361.9,2146.7,4400.28,0.05,2.365,12.158,14.03,2.04
3040,QACCO,False,False,45.02,110.559,230.75,2602.65,4977.37,0.05,2.087,21.57,23.54,1.91
3050,SPCC,False,False,19.47,140.0,-71.0,3051.0,2725.8,0.03,-0.507,,21.79,0.89
3060,YCC,False,False,14.96,157.5,121.74,2463.04,2356.2,0.02,0.773,19.354,15.63,0.95
3080,EPCCO,False,False,25.46,86.0,218.0,2460.0,2189.56,0.02,2.535,10.043,28.6,0.89
3090,TCC,False,False,7.35,90.0,14.73,1128.87,661.5,0.01,0.164,44.908,12.54,0.58
3091,JOUF CEMENT,False,False,5.02,108.7,-213.92,864.11,545.67,0.01,-1.968,,7.94,0.63
3092,RIYADH CEMENT,False,False,23.2,120.0,184.75,1758.0,2784.0,0.03,1.54,15.069,14.65,1.58
4143,TALCO,False,False,35.64,40.0,92.55,507.85,1425.6,0.01,2.314,15.403,12.69,2.8
1212,ASTRA INDUSTRIAL,False,False,139.3,80.0,685.22,3081.03,11144.0,0.12,8.565,16.263,38.51,3.61
1214,SHAKER,False,False,11.96,67.71,64.24,882.77,809.81,0.01,0.949,12.606,13.03,0.91
1302,BAWAN,False,False,35.14,60.0,171.51,1162.29,2108.4,0.02,2.859,12.293,19.37,1.81
1303,EIC,False,False,15.38,1125.0,772.08,1280.5,17302.5,0.18,0.686,22.41,1.13,13.51
2040,SAUDI CERAMICS,False,False,25.96,100.0,89.71,1545.78,2596.0,0.03,0.897,28.937,15.45,1.67
2110,SAUDI CABLE,False,False,179.2,6.672,,,1195.62,0.01,,,,
2160,AMIANTIT,False,False,13.09,44.55,-191.44,724.95,583.16,0.01,-4.297,,16.27,0.8
2320,ALBABTAIN,False,False,59.85,63.946,562.0,1572.9,3827.17,0.04,8.789,6.809,24.59,2.43
2370,MESC,False,False,31.0,40.0,117.43,565.9,1240.0,0.01,2.936,10.559,14.14,2.19
4110,BATIC,False,False,2.04,600.0,27.58,435.07,1224.0,0.01,0.046,44.379,0.72,2.81
4140,SIECO,False,False,2.31,194.4,-20.72,98.13,449.06,,-0.107,,0.5,4.57
4141,ALOMRAN,False,False,20.23,12.0,-15.61,140.26,242.76,,-1.301,,11.68,1.73
4142,RIYADH CABLES,False,False,108.5,150.0,1133.8,3471.03,16275.0,0.17,7.559,14.354,23.14,4.68
4144,RAOOM,False,False,74.0,12.5,-13.25,131.01,925.0,0.01,-1.06,,10.48,7.06
4145,OGC,False,False,24.49,32.0,68.33,596.48,783.68,0.01,2.135,11.469,18.64,1.31
4146,GAS,False,False,16.0,158.0,161.58,516.27,2528.0,0.03,1.023,15.645,3.26,4.89
4147,CGS,False,False,6.76,100.0,45.87,207.29,676.0,0.01,0.459,14.737,2.07,3.26
4148,ALWASAIL INDUSTRIAL,False,False,3.32,250.0,30.15,377.54,830.0,0.01,0.121,27.529,1.51,2.19
1831,MAHARAH,False,False,4.7,600.0,316.23,952.57,2820.0,0.03,0.527,8.917,1.58,2.96
1832,SADR,False,False,2.56,175.0,9.23,170.29,448.0,,0.053,48.537,0.97,2.63
1833,ALMAWARID,False,False,104.5,20.0,178.35,588.39,2090.0,0.02,8.918,11.718,29.41,3.55
1834,SMASCO,False,False,5.9,400.0,173.82,670.41,2360.0,0.02,0.435,13.577,1.67,3.52
1835,TAMKEEN,False,False,47.38,26.5,96.9,375.62,1255.57,0.01,3.657,12.957,14.17,3.34
4270,SPPC,False,False,8.49,65.207,-229.31,37.17,553.61,0.01,-3.517,,0.57,14.89
6004,CATRION,False,False,72.6,82.0,301.43,1607.88,5953.2,0.06,3.676,19.749,19.6,3.7
2190,SISCO HOLDING,False,False,38.74,81.6,136.8,1521.0,3161.18,0.03,1.676,23.108,18.63,2.07
4031,SGS,False,False,27.1,188.0,211.58,2594.46,5094.8,0.05,1.125,24.079,13.8,1.96
4040,SAPTCO,False,False,11.4,125.0,124.35,1047.91,1425.0,0.01,0.995,11.459,8.38,1.35
4260,BUDGET SAUDI,False,False,32.16,104.542,305.21,2991.69,3362.07,0.03,2.919,11.015,28.61,1.12
4261,THEEB,False,False,20.95,65.971,138.02,947.51,1382.09,0.01,2.092,10.013,14.36,1.45
4262,LUMI,False,False,28.54,55.0,141.58,1458.66,1569.7,0.02,2.574,11.087,26.52,1.07
4263,SAL,False,False,168.8,80.0,730.55,1701.39,13504.0,0.14,9.132,18.484,21.26,7.93
4264,FLYNAS,False,False,49.6,170.851,64.96,3439.37,8474.21,0.09,0.38,130.452,20.13,2.46
4265,CHERRY,False,False,25.06,30.0,73.66,604.87,751.8,0.01,2.455,10.206,20.16,1.24
1213,NASEEJ,False,False,25.0,10.897,,,272.43,,,,,
2130,SIDC,False,False,16.13,30.0,-96.01,116.61,483.9,0.01,-3.2,,3.88,4.14
2340,ARTEX,False,False,11.41,81.25,10.21,1069.85,927.06,0.01,0.126,90.799,13.16,0.86
4011,LAZURDE,False,False,10.75,57.5,-31.3,241.0,618.13,0.01,-0.544,,4.19,2.56
4012,ALASEEL,False,False,3.5,400.0,109.6,654.03,1400.0,0.01,0.274,12.773,1.63,2.14
4180,FITAIHI GROUP,False,False,2.5,275.0,0.82,468.17,687.5,0.01,0.003,838.414,1.7,1.46
1810,SEERA,False,False,21.41,274.048,144.0,5882.0,5867.37,0.06,0.525,40.745,21.46,0.99
1820,BAAN,False,False,2.19,619.966,-131.92,874.86,1357.73,0.01,-0.213,,1.41,1.55
1830,LEEJAM SPORTS,False,False,80.65,52.383,271.0,1121.0,4224.69,0.04,5.173,15.589,21.4,3.76
4170,TECO,False,False,14.66,57.823,-14.98,478.71,847.69,0.01,-0.259,,8.27,1.77
4290,ALKHALEEJ TRNG,False,False,14.83,65.0,18.56,524.87,963.95,0.01,0.286,51.936,8.07,1.83
4291,NCLE,False,False,140.1,43.0,173.93,921.19,6024.3,0.06,4.045,34.636,21.42,6.53
4292,ATAA,False,False,44.52,42.087,91.79,821.44,1873.71,0.02,2.181,20.413,19.51,2.28
6002,HERFY FOODS,False,False,15.67,64.68,-60.73,848.28,1013.54,0.01,-0.939,,13.11,1.19
6012,RAYDAN,False,False,17.34,7.313,,,126.81,,,,,
6013,DWF,False,False,91.7,3.0,-9.63,15.31,275.1,,-3.21,,5.1,17.96
6014,ALAMAR,False,False,42.2,25.5,50.75,286.68,1076.1,0.01,1.99,21.203,11.24,3.75
6015,AMERICANA,False,False,2.37,8423.633,1026.98,1631.75,19964.01,0.21,0.122,19.439,0.19,12.23
6016,BURGERIZZR,False,False,7.34,56.0,18.85,85.66,411.04,,0.337,21.805,1.52,4.79
6017,JAHEZ,False,False,12.31,209.836,-12.55,1319.2,2583.08,0.03,-0.06,,6.28,1.95
6018,SPORT CLUBS,False,False,8.44,114.4,49.09,285.71,965.54,0.01,0.429,19.668,2.49,3.37
6019,ALMASAR ALSHAMIL,False,False,25.52,102.401,159.97,1331.48,2613.27,0.03,1.562,16.336,13.0,1.96
4070,TAPRCO,False,False,21.36,22.921,-54.42,138.66,489.59,0.01,-2.374,,6.04,3.53
4071,ALARABIA,False,False,64.3,55.0,-283.06,1344.42,3536.5,0.04,-5.147,,24.44,2.63
4072,MBC GROUP,False,False,20.41,332.5,-70.74,4486.2,6786.33,0.07,-0.213,,13.49,1.51
4210,SRMG,False,False,62.1,80.0,-352.7,2780.96,4968.0,0.05,-4.409,,34.76,1.78
4003,EXTRA,False,False,66.0,80.0,526.05,1651.82,5280.0,0.05,6.576,10.037,20.64,3.19
4008,SACO,False,False,21.09,36.0,35.67,357.45,759.24,0.01,0.991,21.285,9.92,2.12
4050,SASCO,False,False,42.88,70.0,63.41,918.58,3001.6,0.03,0.906,47.336,13.12,3.26
4051,BAAZEEM,False,False,5.57,101.25,27.93,211.42,563.96,0.01,0.276,20.191,2.08,2.66
4190,JARIR,False,False,17.13,1200.0,1123.8,1686.4,20556.0,0.21,0.937,18.291,1.4,12.18
4191,ABO MOATI,False,False,40.72,20.0,23.37,249.9,814.4,0.01,1.169,34.848,12.49,3.25
4192,ALSAIF GALLERY,False,False,6.54,350.0,61.36,515.39,2289.0,0.02,0.175,37.304,1.47,4.44
4193,NICE ONE,False,False,12.02,115.5,-31.14,369.26,1388.31,0.01,-0.27,,3.19,3.75
4194,BUILD STATION,False,False,41.7,16.0,38.38,274.55,667.2,0.01,2.399,17.384,17.15,2.43
4200,ALDREES,False,False,119.7,100.0,456.0,1710.8,11970.0,0.12,4.56,26.25,17.1,6.99
4240,CENOMI RETAIL,False,False,17.8,114.766,,,2042.83,0.02,,,,
4001,A.OTHAIM MARKET,False,False,4.96,900.0,79.13,1072.5,4464.0,0.05,0.088,56.413,1.19,4.16
4006,FARM SUPERSTORES,False,False,12.35,45.0,24.08,723.7,555.75,0.01,0.535,23.079,16.08,0.76
4061,ANAAM HOLDING,False,False,12.05,31.5,-10.25,244.36,379.58,,-0.325,,7.75,1.55
4160,THIMAR,False,False,34.94,6.5,-9.95,5.22,227.11,,-1.531,,0.8,43.5
4161,BINDAWOOD,False,False,4.69,1143.0,268.83,1609.46,5360.67,0.06,0.235,19.94,1.4,3.33
4162,ALMUNAJEM,False,False,61.55,60.0,270.7,1161.75,3693.0,0.04,4.512,13.642,19.36,3.17
4163,ALDAWAA,False,False,39.08,85.0,182.53,1348.25,3321.8,0.03,2.147,18.198,15.86,2.46
4164,NAHDI,False,False,93.8,130.0,788.0,2511.7,12194.0,0.13,6.062,15.474,19.32,4.85
2050,SAVOLA GROUP,False,False,26.0,300.0,980.66,5360.51,7800.0,0.08,3.269,7.953,17.86,1.45
2100,WAFRAH,False,False,21.27,23.151,-69.06,157.73,492.42,0.01,-2.983,,6.81,3.12
2270,SADAFCO,False,False,204.7,32.5,403.88,1653.64,6652.75,0.07,12.427,16.472,50.88,4.02
2280,ALMARAI,False,False,48.3,1000.0,2445.91,20629.09,48300.0,0.5,2.446,19.747,20.62,2.34
2281,TANMIAH,False,False,64.0,20.0,-20.3,633.2,1280.0,0.01,-1.015,,31.66,2.02
2282,NAQI,False,False,56.3,20.0,3.99,285.96,1126.0,0.01,0.2,282.205,14.29,3.93
2283,FIRST MILLS,False,False,53.45,55.5,292.41,1115.52,2966.48,0.03,5.269,10.144,20.09,2.65
2284,MODERN MILLS,False,False,27.68,81.832,227.8,361.27,2265.11,0.02,2.784,9.943,4.41,6.26
2285,ARABIAN MILLS,False,False,42.46,51.315,263.42,1335.61,2178.83,0.02,5.133,8.271,26.02,1.63
2286,FOURTH MILLING,False,False,3.99,540.0,217.91,828.35,2154.6,0.02,0.404,9.887,1.53,2.6
2287,ENTAJ,False,False,23.45,30.0,-86.4,307.7,703.5,0.01,-2.88,,10.25,2.28
2288,NOFOTH,False,False,6.29,96.0,48.64,185.93,603.84,0.01,0.507,12.414,1.93,3.24
4080,SINAD HOLDING,False,False,8.37,126.388,-26.5,1023.1,1057.87,0.01,-0.21,,8.09,1.03
6001,HB,False,False,32.08,35.357,55.54,361.55,1134.25,0.01,1.571,20.422,10.22,3.13
6010,NADEC,False,False,15.0,301.64,332.93,4816.21,4524.6,0.05,1.104,13.59,15.96,0.93
6020,GACO,False,False,12.39,30.0,8.24,311.05,371.7,,0.275,45.109,10.36,1.19
6040,TADCO,False,False,9.13,39.176,-91.77,66.41,357.68,,-2.343,,1.69,5.38
6050,SFICO,False,False,62.65,6.698,-17.97,91.02,419.63,,-2.683,,13.58,4.61
6060,SHARQIYAH DEV,False,False,14.3,30.0,-4.81,348.6,429.0,,-0.16,,11.62,1.23
6070,ALJOUF,False,False,40.24,30.0,39.72,800.01,1207.2,0.01,1.324,30.392,26.66,1.5
6090,JAZADCO,False,False,8.17,50.0,-25.6,308.86,408.5,,-0.512,,6.17,1.32
4165,ALMAJED OUD,False,False,123.2,25.0,209.31,617.7,3080.0,0.03,8.372,14.715,24.7,4.98
2140,AYYAN,False,False,9.62,100.636,-112.64,859.55,968.12,0.01,-1.119,,8.54,1.12
2230,CHEMICAL,False,False,7.84,843.2,349.89,2466.31,6610.69,0.07,0.415,18.893,2.92,2.68
4002,MOUWASAT,False,False,64.85,200.0,850.42,3965.39,12970.0,0.13,4.252,15.251,19.82,3.27
4004,DALLAH HEALTH,False,False,101.4,101.574,442.97,4130.14,10299.6,0.11,4.361,23.251,40.66,2.49
4005,CARE,False,False,125.8,44.85,299.6,1862.88,5642.13,0.06,6.68,18.832,41.53,3.02
4007,ALHAMMADI,False,False,25.6,160.0,234.1,2066.62,4096.0,0.04,1.463,17.496,12.91,1.98
4009,SAUDI GERMAN HEALTH,False,False,32.38,92.04,145.9,1542.85,2980.26,0.03,1.585,20.426,16.76,1.93
4013,SULAIMAN ALHABIB,False,False,240.7,350.0,2419.39,8261.49,84245.0,0.88,6.913,34.82,23.6,10.19
4014,EQUIPMENT HOUSE,False,False,28.32,30.0,27.6,498.7,849.6,0.01,0.92,30.782,16.62,1.7
4017,FAKEEH CARE,False,False,36.16,232.0,217.67,3194.81,8389.12,0.09,0.938,38.54,13.77,2.62
4018,ALMOOSA,False,False,120.4,44.303,165.8,1961.8,5334.08,0.06,3.742,32.171,44.28,2.71
4019,SMC HEALTHCARE,False,False,16.41,250.0,277.95,982.69,4102.5,0.04,1.112,14.759,3.93,4.17
4021,CMCER,False,False,5.55,77.0,8.76,94.78,427.35,,0.114,48.784,1.23,4.5
2070,SPIMACO,False,False,31.0,120.0,215.9,1688.4,3720.0,0.04,1.799,17.23,14.07,2.2
4015,JAMJOOM PHARMA,False,False,140.5,70.0,480.58,1878.25,9835.0,0.1,6.865,20.464,26.83,5.23
4016,AVALON PHARMA,False,False,62.1,35.0,108.5,445.55,2173.5,0.02,3.1,20.032,12.73,4.87
1010,RIBL,False,False,20.89,4000.0,10590.89,67498.0,83560.0,0.87,2.648,7.889,16.87,1.23
1020,BJAZ,False,False,12.25,1281.25,1610.2,15185.77,15695.31,0.16,1.257,9.747,11.85,1.03
1030,SAIB,False,False,14.44,1250.0,2466.4,17671.74,18050.0,0.19,1.973,7.318,14.13,1.02
1050,BSF,False,False,21.85,2500.0,5481.0,43456.79,54625.0,0.57,2.192,9.966,17.38,1.25
1060,SAB,False,False,34.24,2054.794,8608.0,68491.38,70356.15,0.73,4.189,8.173,33.33,1.02
1080,ANB,False,False,22.8,2000.0,5258.0,43168.16,45600.0,0.47,2.629,8.672,21.58,1.05
1120,ALRAJHI,False,False,68.95,6000.0,26499.0,120673.26,413700.0,4.3,4.417,15.611,20.11,3.42
1140,ALBILAD,False,False,26.06,1500.0,3110.6,19456.61,39090.0,0.41,2.074,12.566,12.97,2.0
1150,ALINMA,False,False,25.42,3000.0,6589.6,37745.38,76260.0,0.79,2.197,11.572,12.58,2.02
1180,SNB,False,False,43.02,6000.0,25883.0,191182.05,258120.0,2.68,4.314,9.972,31.86,1.35
1111,TADAWUL GROUP,False,False,130.0,120.0,326.6,3309.9,15600.0,0.16,2.722,47.764,27.58,4.71
1182,AMLAK,False,False,8.92,101.925,74.26,1275.68,909.17,0.01,0.729,12.243,12.51,0.71
1183,SHL,False,False,14.48,100.0,60.01,1722.61,1448.0,0.02,0.6,24.129,17.22,0.84
2120,SAIC,False,False,16.93,60.0,-37.47,1024.29,1015.8,0.01,-0.625,,17.07,0.99
4081,NAYIFAT,False,False,10.08,120.0,-105.38,1299.59,1209.6,0.01,-0.878,,10.82,0.93
4082,MRNA,False,False,8.57,71.428,-28.35,802.96,612.14,0.01,-0.397,,11.24,0.76
4083,TASHEEL,False,False,31.8,75.0,268.64,1509.32,2385.0,0.02,3.582,8.878,20.12,1.58
4084,DERAYAH,False,False,20.99,249.735,384.66,1231.92,5241.94,0.05,1.54,13.627,4.93,4.25
4130,SAUDI DARB,False,False,2.18,218.295,7.04,232.99,475.88,,0.032,67.596,1.06,2.04
4280,KINGDOM,False,False,13.82,3705.882,1908.7,68157.47,51215.29,0.53,0.515,26.832,18.39,0.75
8010,TAWUNIYA,False,False,141.4,150.0,983.85,5666.85,21210.0,0.22,6.559,21.558,37.77,3.74
8012,JAZIRA TAKAFUL,False,False,11.66,66.0,19.75,980.67,769.56,0.01,0.299,38.965,14.85,0.78
8020,MALATH INSURANCE,False,False,10.15,50.0,12.61,469.1,507.5,0.01,0.252,40.245,9.38,1.08
8030,MEDGULF,False,False,17.17,138.157,103.31,1656.17,2372.16,0.02,0.748,22.961,11.98,1.43
8040,MUTAKAMELA,False,False,13.58,60.0,-29.14,702.51,814.8,0.01,-0.486,,11.7,1.15
8050,SALAMA,False,False,9.04,30.0,-72.77,249.55,271.2,,-2.426,,8.31,1.08
8060,WALAA,False,False,11.14,127.558,-15.35,1712.9,1421.0,0.01,-0.12,,13.42,0.82
8070,ARABIAN SHIELD,False,False,12.4,79.815,-12.57,1643.78,989.71,0.01,-0.157,,20.59,0.6
8100,SAICO,False,False,10.71,30.0,10.47,431.17,321.3,,0.349,30.687,14.37,0.74
8120,GULF UNION ALAHLIA,False,False,14.57,45.894,-14.12,570.63,668.68,0.01,-0.308,,12.43,1.17
8150,ACIG,False,False,8.31,29.1,-60.46,218.04,241.82,,-2.078,,7.49,1.1
8160,AICC,False,False,8.78,53.0,-81.5,544.67,465.34,,-1.538,,10.27,0.85
8170,ALETIHAD,False,False,7.85,50.0,-261.03,357.39,392.5,,-5.221,,7.14,1.09
8180,ALSAGR INSURANCE,False,False,11.39,30.0,-34.95,344.32,341.7,,-1.165,,11.47,0.99
8190,UCA,False,False,3.59,40.0,-159.1,16.84,143.6,,-3.978,,0.42,8.52
8200,SAUDI RE,False,False,27.44,169.81,213.61,2358.56,4659.59,0.05,1.258,21.813,13.88,1.97
8210,BUPA ARABIA,False,False,168.3,150.0,1106.68,5635.77,25245.0,0.26,7.378,22.811,37.57,4.47
8230,ALRAJHI TAKAFUL,False,False,54.2,200.0,460.45,2780.09,10840.0,0.11,2.302,23.542,13.9,3.89
8240,CHUBB,False,False,18.48,40.0,10.55,479.83,739.2,0.01,0.264,70.066,11.99,1.54
8250,GIG,False,False,31.66,52.5,147.43,1210.25,1662.15,0.02,2.808,11.274,23.05,1.37
8260,GULF GENERAL,False,False,4.31,30.0,-97.12,135.63,129.3,,-3.237,,4.52,0.95
8280,LIVA,False,False,14.48,40.0,37.87,495.17,579.2,0.01,0.947,15.294,12.37,1.16
8300,WATANIYA,False,False,14.6,40.0,39.53,666.42,584.0,0.01,0.988,14.773,16.66,0.87
8310,AMANA INSURANCE,False,False,7.36,43.0,-36.26,287.66,316.48,,-0.843,,6.68,1.1
8311,ENAYA,False,False,10.16,23.0,-32.39,129.71,233.68,,-1.408,,5.63,1.8
8313,RASAN,False,False,143.0,77.507,345.3,965.1,11083.5,0.12,4.455,32.098,12.45,11.48
7200,MIS,False,False,321.4,30.0,85.61,377.75,9642.0,0.1,2.854,112.627,12.59,25.52
7201,ARAB SEA,False,False,3.55,100.0,-15.13,103.57,355.0,,-0.151,,1.03,3.42
7202,SOLUTIONS,False,False,206.9,120.0,1519.0,4151.0,24828.0,0.26,12.658,16.344,34.59,5.98
7203,ELM,False,False,640.0,80.0,2174.0,4460.0,51200.0,0.53,27.175,23.551,55.75,11.47
7204,2P,False,False,6.56,330.0,136.49,740.18,2164.8,0.02,0.414,15.86,2.24,2.92
7205,DBS,False,False,11.84,70.0,51.25,205.29,828.8,0.01,0.732,16.171,2.93,4.03
7211,AZM,False,False,25.2,60.0,50.99,181.37,1512.0,0.02,0.85,29.652,3.02,8.33
7010,STC,False,False,44.28,5000.0,14675.0,84986.0,221400.0,2.3,2.935,15.086,16.99,2.6
7020,ETIHAD ETISALAT,False,False,65.45,770.0,3650.0,20871.0,50396.5,0.52,4.74,13.807,27.1,2.41
7030,ZAIN KSA,False,False,10.43,898.729,789.0,10826.0,9373.74,0.1,0.878,11.88,12.04,0.86
7040,GO TELECOM,False,False,87.75,33.999,265.0,1082.0,2983.41,0.03,7.794,11.258,31.82,2.75
2080,GASCO HOLDING,False,False,60.55,75.0,274.7,2152.0,4541.25,0.05,3.663,16.531,28.69,2.11
2081,AWPT,False,False,100.6,35.0,264.06,1062.26,3521.0,0.04,7.545,13.334,30.35,3.31
2082,ACWA,False,False,197.4,766.49,1596.42,30042.92,151305.13,1.57,2.083,94.777,39.19,5.03
2083,MARAFIQ,False,False,44.8,250.0,302.99,5245.59,11200.0,0.12,1.212,36.964,20.98,2.13
2084,MIAHONA,False,False,11.32,160.925,9.6,470.2,1821.67,0.02,0.06,189.757,2.92,3.87
5110,SAUDI ENERGY,False,False,16.94,4166.593,13447.0,257343.0,70582.09,0.73,3.227,5.248,61.76,0.27
4330,RIYAD REIT,False,False,4.82,171.697,-61.46,1614.51,827.58,0.01,-0.358,,9.4,0.51
4331,ALJAZIRA REIT,False,False,11.3,11.8,4.55,90.76,133.34,,0.386,29.305,7.69,1.46
4332,JADWA REIT ALHARAMAIN,False,False,4.79,66.0,26.62,545.25,316.14,,0.403,11.876,8.26,0.57
4333,TALEEM REIT,False,False,10.62,51.0,36.39,552.08,541.62,0.01,0.714,14.883,10.82,0.98
4334,AL MAATHER REIT,False,False,8.82,61.37,31.18,503.22,541.28,0.01,0.508,17.359,8.19,1.07
4335,MUSHARAKA REIT,False,False,3.41,88.0,-101.51,600.68,300.08,,-1.154,,6.82,0.49
4336,MULKIA REIT,False,False,4.47,103.765,-5.52,704.83,463.83,,-0.053,,6.79,0.65
4337,AL AZIZIAH REIT,False,False,4.84,57.24,-14.81,223.59,277.04,,-0.259,,3.9,1.23
4338,ALAHLI REIT 1,False,False,6.95,137.5,41.96,1154.79,955.63,0.01,0.305,22.774,8.39,0.82
4339,DERAYAH REIT,False,False,5.22,107.507,6.44,825.13,561.19,0.01,0.06,87.141,7.67,0.68
4340,Al RAJHI REIT,False,False,7.88,275.607,123.16,2227.39,2171.78,0.02,0.447,17.633,8.08,0.97
4342,JADWA REIT SAUDI,False,False,9.62,186.509,65.21,2184.12,1794.22,0.02,0.35,27.514,11.71,0.82
4344,SEDCO CAPITAL REIT,False,False,7.4,186.944,140.72,1464.32,1383.39,0.01,0.753,9.83,7.83,0.94
4345,ALINMA RETAIL REIT,False,False,4.69,118.0,-51.16,706.98,553.42,0.01,-0.434,,5.99,0.78
4346,MEFIC REIT,False,False,3.3,73.276,-12.73,510.4,241.81,,-0.174,,6.96,0.47
4347,BONYAN REIT,False,False,9.85,162.881,95.16,1323.04,1604.38,0.02,0.584,16.859,8.12,1.21
4348,ALKHABEER REIT,False,False,5.61,141.008,37.71,1267.04,791.05,0.01,0.267,20.977,8.98,0.62
4349,ALINMA HOSPITALITY REIT,False,False,7.83,102.002,49.15,1006.79,798.68,0.01,0.482,16.249,9.87,0.79
4350,ALISTITHMAR REIT,False,False,6.82,60.5,-12.66,527.11,412.61,,-0.209,,8.71,0.78
4020,ALAKARIA,False,False,15.6,375.0,645.3,5890.5,5850.0,0.06,1.721,9.065,15.7,0.99
4090,TAIBA,False,False,18.58,500.0,324.0,6927.0,9290.0,0.1,0.648,28.672,13.85,1.34
4100,MCDC,False,False,83.1,200.0,514.2,3892.0,16620.0,0.17,2.571,32.322,19.46,4.27
4150,ARDCO,False,False,15.99,233.93,297.24,4177.0,3740.54,0.04,1.271,12.584,17.85,0.89
4220,EMAAR EC,False,False,9.95,882.929,-44.0,9078.0,8785.14,0.09,-0.05,,10.28,0.96
4230,RED SEA,False,False,24.02,48.267,-49.32,418.15,1159.37,0.01,-1.022,,8.66,2.77
4250,JABAL OMAR,False,False,19.0,1180.022,1764.07,16137.52,22420.42,0.23,1.495,12.709,13.67,1.38
4300,DAR ALARKAN,False,False,20.45,1080.0,1181.82,22710.03,22086.0,0.23,1.094,18.688,21.02,0.97
4310,KEC,False,False,18.05,339.3,-8.26,2923.68,6124.37,0.06,-0.024,,8.61,2.09
4320,ALANDALUS,False,False,15.2,93.333,5.01,963.63,1418.66,0.01,0.054,283.165,10.32,1.47
4321,CENOMI CENTERS,False,False,16.19,475.0,1164.4,16098.0,7690.25,0.08,2.451,6.604,33.89,0.47
4322,RETAL,False,False,10.0,500.0,211.4,1058.4,5000.0,0.05,0.423,23.651,2.11,4.72
4323,SUMOU,False,False,26.6,50.0,142.91,801.33,1330.0,0.01,2.858,9.306,16.02,1.65
4324,BANAN,False,False,3.02,200.0,37.57,433.5,604.0,0.01,0.188,16.076,2.16,1.39
4325,MASAR,False,False,18.27,1438.647,848.09,16124.8,26284.08,0.27,0.59,30.992,11.2,1.63
4326,ALMAJDIAH,False,False,6.65,300.0,130.52,1155.55,1995.0,0.02,0.435,15.285,3.85,1.72
4327,ALRAMZ,False,False,51.65,42.857,263.79,1836.86,2213.56,0.02,6.155,8.391,42.86,1.2
