symbol,date,open,high,low,close,change,change_percent,volume_traded,value_traded_sar,no_of_trades
4016,2026-09-14,65.25,67.1,65.25,67.0,1.7,2.6,52967.0,3519421.85,620.0
4016,2026-09-13,66.0,66.25,64.8,65.3,-1.3,-1.95,86966.0,5681475.6,708.0
4016,2026-09-10,67.05,67.25,66.5,66.6,-0.45,-0.67,54517.0,3642921.55,475.0
4016,2026-09-09,66.9,67.45,66.85,67.05,-0.05,-0.07,24162.0,1619009.25,280.0
4016,2026-09-08,67.35,67.8,67.1,67.1,-0.45,-0.67,21883.0,1475271.7,366.0
4016,2026-09-07,67.4,67.7,66.95,67.55,0.15,0.22,36609.0,2466788.2,486.0
4016,2026-09-06,66.85,67.7,66.85,67.4,0.55,0.82,47362.0,3185976.95,429.0
4016,2026-09-03,66.65,67.4,66.65,66.85,0.15,0.22,51079.0,3425660.85,557.0
4016,2026-09-02,66.4,67.45,66.4,66.7,-1.1,-1.62,129475.0,8664635.55,1284.0
4016,2026-09-01,67.5,68.1,66.75,67.8,-0.2,-0.29,242901.0,16409553.55,1275.0
4016,2026-08-31,65.9,68.0,65.85,68.0,2.9,4.45,694442.0,46795611.5,2731.0
4016,2026-08-30,64.8,65.15,64.7,65.1,0.35,0.54,140288.0,9109008.85,1221.0
4016,2026-08-27,63.55,64.8,63.2,64.75,1.3,2.05,188127.0,12070547.55,1815.0
4016,2026-08-26,61.75,63.45,61.75,63.45,1.35,2.17,153124.0,9640683.9,1349.0
4016,2026-08-25,62.75,63.1,62.1,62.1,-0.65,-1.04,74011.0,4625398.15,754.0
4016,2026-08-24,62.0,63.45,61.9,62.75,0.75,1.21,157698.0,9911850.6,1315.0
4016,2026-08-23,61.7,62.75,61.65,62.0,0.5,0.81,106139.0,6583224.95,1058.0
4016,2026-08-20,59.0,61.8,58.85,61.5,2.2,3.71,185854.0,11258916.15,1867.0
4016,2026-08-19,59.0,59.6,58.6,59.3,0.3,0.51,81254.0,4804329.2,1308.0
4016,2026-08-18,59.55,59.9,58.6,59.0,-0.4,-0.67,74670.0,4413493.75,1283.0
4016,2026-08-17,59.55,59.8,59.3,59.4,-0.15,-0.25,31292.0,1864581.85,411.0
4016,2026-08-16,60.3,60.95,59.3,59.55,-0.95,-1.57,112676.0,6756779.0,679.0
4016,2026-08-13,60.15,61.0,60.0,60.5,-0.05,-0.08,59078.0,3568241.2,974.0
4016,2026-08-12,60.7,60.75,60.25,60.55,-0.15,-0.25,22579.0,1364557.35,528.0
4016,2026-08-11,61.5,62.0,60.7,60.7,-1.05,-1.7,86421.0,5294232.35,554.0
4016,2026-08-10,61.25,62.5,61.2,61.75,0.45,0.73,88254.0,5457594.9,753.0
4016,2026-08-09,60.75,61.8,60.5,61.3,0.6,0.99,67987.0,4162458.9,641.0
4016,2026-08-06,59.5,61.65,59.3,60.7,1.9,3.23,223279.0,13559533.55,2144.0
4016,2026-08-05,58.75,59.1,58.7,58.8,0.15,0.26,24631.0,1449485.45,380.0
4016,2026-08-04,58.0,59.05,57.8,58.65,0.35,0.6,54892.0,3191160.65,587.0
4016,2026-08-03,57.95,58.4,57.65,58.3,0.4,0.69,29232.0,1697611.5,478.0
4016,2026-08-02,57.85,58.5,57.7,57.9,0.1,0.17,40984.0,2377005.4,425.0
4016,2026-07-30,57.6,58.1,57.55,57.8,0.15,0.26,24645.0,1424324.55,375.0
4016,2026-07-29,58.0,58.25,57.55,57.65,-0.5,-0.86,31966.0,1849724.25,599.0
4016,2026-07-28,58.7,58.7,58.15,58.15,-0.55,-0.94,25136.0,1467780.8,464.0
4016,2026-07-27,59.3,59.8,58.5,58.7,-0.95,-1.59,43252.0,2552959.95,524.0
4016,2026-07-26,59.9,60.0,59.55,59.65,-0.15,-0.25,17780.0,1061152.1,297.0
4016,2026-07-23,59.9,60.6,59.6,59.8,-0.2,-0.33,38361.0,2304416.1,472.0
4016,2026-07-22,60.05,60.05,59.5,60.0,0.25,0.42,23215.0,1387849.45,317.0
4016,2026-07-21,60.55,60.8,59.75,59.75,-0.8,-1.32,37356.0,2245545.1,589.0
4016,2026-07-20,60.0,61.0,59.7,60.55,0.55,0.92,56686.0,3433337.0,499.0
4016,2026-07-19,60.45,60.5,59.1,60.0,-0.45,-0.74,43215.0,2586011.45,553.0
4016,2026-07-16,60.85,60.9,60.4,60.45,-0.45,-0.74,27291.0,1653394.35,399.0
4016,2026-07-15,61.95,62.2,60.55,60.9,-1.4,-2.25,145954.0,8990222.05,793.0
4016,2026-07-14,62.2,63.0,62.1,62.3,-0.7,-1.11,41345.0,2583527.25,504.0
4016,2026-07-13,61.85,63.15,61.85,63.0,0.7,1.12,53500.0,3356366.9,669.0
4016,2026-07-12,62.7,64.15,62.3,62.3,-0.7,-1.11,81238.0,5126953.2,766.0
4016,2026-07-09,60.9,64.5,60.9,63.0,1.65,2.69,316479.0,19857438.35,2451.0
4016,2026-07-08,61.45,61.55,60.9,61.35,-0.1,-0.16,44310.0,2714733.0,668.0
4016,2026-07-07,60.0,61.8,60.0,61.45,0.65,1.07,146755.0,8930800.5,1077.0
4016,2026-07-06,60.15,60.85,60.0,60.8,0.15,0.25,30001.0,1814977.2,420.0
4016,2026-07-05,60.95,61.2,60.35,60.65,-0.4,-0.66,26649.0,1615890.5,326.0
4016,2026-07-02,61.0,61.3,60.75,61.05,0.05,0.08,43417.0,2651167.8,423.0
4016,2026-07-01,60.5,61.6,60.5,61.0,0.5,0.83,70057.0,4274248.5,764.0
4016,2026-06-30,60.85,61.35,59.55,60.5,1.5,2.54,120173.0,7305865.55,1109.0
4016,2026-06-29,58.7,59.5,58.35,59.0,0.3,0.51,38007.0,2235468.35,716.0
4016,2026-06-28,59.75,59.75,58.55,58.7,-1.3,-2.17,55995.0,3300562.35,584.0
4016,2026-06-25,61.0,61.1,59.95,60.0,-1.0,-1.64,58334.0,3528072.05,632.0
4016,2026-06-24,61.25,61.55,60.5,61.0,-0.25,-0.41,102363.0,6240002.65,1252.0
4016,2026-06-23,62.0,62.1,61.15,61.25,-0.95,-1.53,62493.0,3845164.6,745.0
4016,2026-06-22,62.15,63.0,62.05,62.2,0.1,0.16,149233.0,9345395.0,1174.0
4016,2026-06-21,61.65,62.6,61.45,62.1,0.1,0.16,61807.0,3832866.6,743.0
4016,2026-06-18,61.45,62.55,61.35,62.0,0.3,0.49,66759.0,4145635.85,975.0
4016,2026-06-17,61.7,62.35,61.35,61.7,0.0,0.0,53930.0,3334136.7,948.0
4016,2026-06-16,62.1,62.55,61.6,61.7,-0.4,-0.64,65015.0,4042635.25,707.0
4016,2026-06-15,62.4,63.45,61.8,62.1,-0.2,-0.32,131962.0,8248535.05,1346.0
4016,2026-06-14,61.5,62.3,60.95,62.3,0.7,1.14,113001.0,6975295.45,812.0
4016,2026-06-11,61.0,62.05,60.7,61.6,0.6,0.98,193157.0,11888732.4,1494.0
4016,2026-06-10,58.6,61.65,58.6,61.0,1.65,2.78,330149.0,20054397.6,2345.0
4016,2026-06-09,58.95,59.9,58.65,59.35,0.95,1.63,83125.0,4932852.45,812.0
4016,2026-06-08,58.15,58.6,57.95,58.4,-0.2,-0.34,41933.0,2445587.75,575.0
4016,2026-06-07,58.5,58.9,58.2,58.6,-0.3,-0.51,56360.0,3298995.25,767.0
4016,2026-06-04,59.0,59.15,58.3,58.9,-0.15,-0.25,1392587.0,79517567.35,783.0
4016,2026-06-03,59.95,59.95,58.8,59.05,-0.9,-1.5,81009.0,4801492.75,563.0
4016,2026-06-02,60.25,60.25,58.9,59.95,-0.3,-0.5,95312.0,5663795.15,781.0
4016,2026-06-01,60.1,60.95,58.9,60.25,0.8,1.35,138210.0,8330292.4,1478.0
4016,2026-05-31,59.0,60.0,58.8,59.45,0.45,0.76,46177.0,2746913.35,453.0
4016,2026-05-21,57.85,60.5,57.8,59.0,1.15,1.99,337984.0,20056572.5,2302.0
4016,2026-05-20,57.9,58.25,56.85,57.85,1.15,2.03,74130.0,4282060.6,1089.0
4016,2026-05-19,57.6,58.0,56.7,56.7,-0.85,-1.48,95513.0,5507825.85,802.0
4016,2026-05-18,59.0,59.0,57.0,57.55,-1.45,-2.46,101548.0,5874374.95,1017.0
4016,2026-05-17,59.15,59.8,57.35,59.0,-0.45,-0.76,202230.0,11790608.6,2354.0
4016,2026-05-14,58.25,59.9,57.5,59.45,1.1,1.89,144323.0,8537013.65,2074.0
4016,2026-05-13,57.2,58.75,56.6,58.35,0.3,0.52,62305.0,3577469.35,915.0
4016,2026-05-12,58.85,60.5,57.4,58.05,-0.8,-1.36,171881.0,10066982.45,1666.0
4016,2026-05-11,59.99,59.99,58.45,58.85,-1.14,-1.9,188470.0,11126436.6,1362.0
4016,2026-05-10,59.82,60.22,59.02,59.99,1.2,2.04,126409.0,7540654.8,910.0
4016,2026-05-07,60.45,60.45,58.68,58.79,-1.09,-1.82,135139.0,7979085.3,1110.0
4016,2026-05-06,60.28,61.82,59.54,59.88,1.83,3.15,467662.0,28375961.3,2070.0
4016,2026-05-05,59.14,59.14,57.88,58.05,-1.26,-2.12,128235.0,7489641.2,853.0
4016,2026-05-04,59.99,60.51,59.14,59.31,-0.28,-0.47,161891.0,9672461.4,912.0
4016,2026-05-03,58.91,59.88,58.91,59.59,1.03,1.76,95063.0,5645259.1,571.0
4016,2026-04-30,59.36,59.36,58.51,58.56,-0.58,-0.98,112808.0,6633945.0,630.0
4016,2026-04-29,58.85,59.19,58.45,59.14,0.35,0.6,90556.0,5321881.6,731.0
4016,2026-04-28,60.22,60.51,58.74,58.79,-1.43,-2.37,99132.0,5878332.4,766.0
4016,2026-04-27,59.54,60.51,58.85,60.22,0.74,1.24,199988.0,11971737.4,775.0
4016,2026-04-26,58.28,59.76,58.28,59.48,0.86,1.47,59155.0,3507557.4,382.0
4016,2026-04-23,59.42,59.42,57.99,58.62,-0.8,-1.35,155377.0,9102097.7,887.0
4016,2026-04-22,60.28,60.34,58.62,59.42,-0.86,-1.43,158517.0,9383850.7,808.0
4016,2026-04-21,59.99,61.14,59.71,60.28,0.4,0.67,125895.0,7585794.1,701.0
4016,2026-04-20,61.54,61.54,59.82,59.88,-2.06,-3.33,160866.0,9736717.7,954.0
4016,2026-04-19,61.36,62.39,61.31,61.94,0.29,0.47,126644.0,7822656.2,720.0
4016,2026-04-16,60.68,63.42,60.56,61.65,1.03,1.7,359950.0,22407286.3,1878.0
4016,2026-04-15,59.88,60.74,59.88,60.62,0.63,1.05,113843.0,6878930.1,701.0
4016,2026-04-14,59.19,60.28,58.85,59.99,0.85,1.44,153656.0,9189278.1,1101.0
4016,2026-04-13,58.11,59.65,57.71,59.14,1.09,1.88,171005.0,10027848.0,903.0
4016,2026-04-12,58.39,58.68,57.99,58.05,-0.51,-0.87,65738.0,3830962.7,497.0
4016,2026-04-09,59.14,59.14,57.82,58.56,-0.23,-0.39,100081.0,5837642.7,796.0
4016,2026-04-08,59.54,59.65,58.62,58.79,1.2,2.08,235962.0,13933809.0,1240.0
4016,2026-04-07,56.85,59.42,56.36,57.59,0.94,1.66,466015.0,27208691.2,2438.0
4016,2026-04-06,58.79,59.76,56.51,56.65,-1.46,-2.51,362756.0,20988499.75,1979.0
4016,2026-04-05,56.05,58.45,55.88,58.11,2.26,4.05,327729.0,18816349.1,1392.0
4016,2026-04-02,55.39,56.65,55.08,55.85,0.46,0.83,346162.0,19411286.5,1623.0
4016,2026-04-01,55.71,55.99,55.28,55.39,-0.29,-0.52,214277.0,11913909.4,1195.0
4016,2026-03-31,55.96,55.96,55.42,55.68,-0.11,-0.2,127571.0,7107344.1,834.0
4016,2026-03-30,55.94,56.82,55.02,55.79,-0.35,-0.62,220901.0,12304402.45,1185.0
4016,2026-03-29,56.28,56.82,56.02,56.14,0.0,0.0,239006.0,13482665.65,1012.0
4016,2026-03-26,56.42,56.42,55.68,56.14,-0.31,-0.55,121831.0,6819545.75,1015.0
4016,2026-03-25,55.91,56.56,55.76,56.45,0.54,0.97,138937.0,7796265.95,912.0
4016,2026-03-24,55.76,56.19,55.14,55.91,0.37,0.67,111054.0,6183419.25,768.0
4016,2026-03-16,55.82,55.88,55.14,55.54,-0.34,-0.61,240245.0,13328645.25,1220.0
4016,2026-03-15,55.62,55.88,54.94,55.88,0.26,0.47,116072.0,6426062.75,651.0
4016,2026-03-12,57.02,57.02,55.42,55.62,-1.49,-2.61,135624.0,7576462.65,1056.0
4016,2026-03-11,57.54,57.94,56.56,57.11,-0.43,-0.75,112600.0,6435291.5,746.0
4016,2026-03-10,58.28,58.79,57.54,57.54,-1.31,-2.23,119277.0,6908154.2,658.0
4016,2026-03-09,60.28,61.14,58.16,58.85,-1.43,-2.37,163760.0,9702648.3,1305.0
4016,2026-03-08,58.51,61.14,58.51,60.28,1.43,2.43,75394.0,4541172.2,445.0
4016,2026-03-05,58.39,59.42,58.34,58.85,0.11,0.19,63748.0,3763382.2,509.0
4016,2026-03-04,56.91,58.85,56.85,58.74,1.89,3.32,65915.0,3827771.1,558.0
4016,2026-03-03,55.99,57.25,55.42,56.85,1.03,1.85,67290.0,3783691.4,599.0
4016,2026-03-02,58.28,61.14,55.59,55.82,-3.03,-5.15,98213.0,5623675.9,1075.0
4016,2026-03-01,53.88,59.19,53.88,58.85,-0.74,-1.24,64371.0,3712959.85,489.0
4016,2026-02-26,58.28,59.99,57.76,59.59,1.31,2.25,116345.0,6873320.1,819.0
4016,2026-02-25,59.59,61.14,57.71,58.28,-2.0,-3.32,159210.0,9373043.2,1286.0
4016,2026-02-24,61.42,62.51,59.99,60.28,-1.37,-2.22,75124.0,4596184.9,896.0
4016,2026-02-23,62.11,62.62,60.56,61.65,-0.51,-0.82,50366.0,3080559.5,634.0
4016,2026-02-19,64.16,64.16,61.99,62.16,-2.0,-3.12,71692.0,4497190.4,655.0
4016,2026-02-18,63.99,64.45,63.25,64.16,-0.06,-0.09,33065.0,2114856.3,354.0
4016,2026-02-17,65.02,65.13,63.94,64.22,-0.91,-1.4,40790.0,2624769.2,434.0
4016,2026-02-16,65.88,65.88,64.85,65.13,-0.58,-0.88,33650.0,2190150.7,303.0
4016,2026-02-15,65.08,65.88,65.08,65.71,0.69,1.06,12448.0,815003.8,274.0
4016,2026-02-12,64.68,65.31,64.56,65.02,0.11,0.17,32073.0,2086054.1,418.0
4016,2026-02-11,65.71,65.88,64.62,64.91,-1.02,-1.55,61879.0,4019219.3,574.0
4016,2026-02-10,66.28,66.33,65.36,65.93,-0.35,-0.53,48528.0,3196987.4,490.0
4016,2026-02-09,66.96,67.19,65.53,66.28,-0.68,-1.02,86249.0,5726884.2,639.0
4016,2026-02-08,67.02,67.76,66.73,66.96,0.05,0.07,73798.0,4955654.5,574.0
4016,2026-02-05,67.13,67.36,66.28,66.91,0.29,0.44,117999.0,7870358.7,919.0
4016,2026-02-04,67.42,67.99,66.56,66.62,-0.69,-1.03,86685.0,5811358.8,798.0
4016,2026-02-03,66.79,68.51,66.68,67.31,0.4,0.6,168673.0,11391449.8,1267.0
4016,2026-02-02,64.16,67.13,64.16,66.91,1.43,2.18,228049.0,15171094.6,1725.0
4016,2026-02-01,66.85,67.88,64.11,65.48,1.66,2.6,592575.0,39232609.0,3785.0
4016,2026-01-29,64.22,64.22,63.65,63.82,-0.4,-0.62,69585.0,4447425.8,716.0
4016,2026-01-28,64.62,64.68,63.99,64.22,-0.34,-0.53,60935.0,3913336.3,560.0
4016,2026-01-27,64.34,64.85,64.22,64.56,0.22,0.34,91106.0,5881808.4,661.0
4016,2026-01-26,64.56,64.56,63.82,64.34,-0.22,-0.34,97711.0,6265660.4,924.0
4016,2026-01-25,63.48,64.91,63.48,64.56,1.08,1.7,108699.0,6993472.2,653.0
4016,2026-01-22,62.96,64.11,62.96,63.48,0.63,1.0,136601.0,8697742.9,1042.0
4016,2026-01-21,62.68,63.31,62.39,62.85,0.17,0.27,37168.0,2337504.9,568.0
4016,2026-01-20,63.42,63.71,62.62,62.68,-0.97,-1.52,44387.0,2804868.8,629.0
4016,2026-01-19,63.88,64.45,63.59,63.65,-0.23,-0.36,35648.0,2275648.7,564.0
4016,2026-01-18,63.31,64.28,63.31,63.88,0.57,0.9,99267.0,6351584.9,617.0
4016,2026-01-15,63.88,63.88,62.91,63.31,-0.68,-1.06,52324.0,3313994.7,547.0
4016,2026-01-14,65.59,65.59,63.76,63.99,-0.52,-0.81,101301.0,6516301.8,871.0
4016,2026-01-13,64.96,65.13,64.05,64.51,-0.51,-0.78,75308.0,4852629.5,761.0
4016,2026-01-12,63.71,65.08,63.71,65.02,1.03,1.61,57379.0,3696480.5,427.0
4016,2026-01-11,63.76,64.22,63.59,63.99,0.23,0.36,24344.0,1554533.7,340.0
4016,2026-01-08,64.56,64.56,63.54,63.76,-0.8,-1.24,22068.0,1411639.3,312.0
4016,2026-01-07,65.13,65.59,64.11,64.56,0.91,1.43,59267.0,3840721.1,586.0
4016,2026-01-06,63.31,64.85,62.68,63.65,0.57,0.9,98043.0,6247924.5,815.0
4016,2026-01-05,66.39,66.39,63.08,63.08,-2.17,-3.33,98350.0,6291161.5,1119.0
4016,2026-01-04,64.56,65.71,63.65,65.25,0.69,1.07,54545.0,3514445.8,765.0
4016,2026-01-01,63.54,65.25,63.54,64.56,1.02,1.61,45350.0,2911825.7,636.0
4016,2025-12-31,62.85,63.71,62.85,63.54,1.2,1.92,30483.0,1926212.5,497.0
4016,2025-12-30,64.28,64.28,62.34,62.34,-1.88,-2.93,58371.0,3681871.1,850.0
4016,2025-12-29,63.99,64.22,63.14,64.22,0.23,0.36,33623.0,2140740.0,669.0
4016,2025-12-28,64.85,64.85,62.85,63.99,-0.97,-1.49,39094.0,2482443.7,548.0
4016,2025-12-25,64.74,65.71,64.62,64.96,0.34,0.53,23764.0,1547130.2,346.0
4016,2025-12-24,66.45,66.62,64.62,64.62,-1.83,-2.75,49072.0,3203214.3,588.0
4016,2025-12-23,65.99,66.68,65.31,66.45,0.29,0.44,75037.0,4946730.8,765.0
4016,2025-12-22,65.13,66.22,65.13,66.16,0.45,0.68,47170.0,3096319.6,550.0
4016,2025-12-21,65.19,66.22,65.19,65.71,0.52,0.8,26426.0,1736969.0,508.0
4016,2025-12-18,65.99,66.11,64.91,65.19,-0.52,-0.79,53630.0,3505068.3,892.0
4016,2025-12-17,66.39,66.56,65.71,65.71,-0.68,-1.02,41793.0,2762807.2,522.0
4016,2025-12-16,67.71,67.82,66.28,66.39,-1.37,-2.02,36859.0,2470164.6,656.0
4016,2025-12-15,67.99,68.22,67.59,67.76,-0.35,-0.51,21701.0,1473724.4,470.0
4016,2025-12-14,69.19,69.19,67.82,68.11,-1.08,-1.56,26526.0,1815038.0,286.0
4016,2025-12-11,70.28,70.79,69.08,69.19,-1.09,-1.55,22888.0,1591850.7,324.0
4016,2025-12-10,68.73,70.73,68.73,70.28,1.49,2.17,80606.0,5639941.9,657.0
4016,2025-12-09,68.39,69.08,67.88,68.79,0.4,0.58,47594.0,3259238.0,608.0
4016,2025-12-08,67.88,68.39,67.53,68.39,-0.06,-0.09,13995.0,950431.5,283.0
4016,2025-12-07,68.56,69.02,67.82,68.45,-0.63,-0.91,15118.0,1032014.0,230.0
4016,2025-12-04,68.11,69.25,68.11,69.08,0.12,0.17,40848.0,2818152.8,525.0
4016,2025-12-03,67.99,68.96,67.71,68.96,1.14,1.68,32559.0,2219678.4,430.0
4016,2025-12-02,69.65,69.65,67.82,67.82,-1.49,-2.15,34778.0,2391167.4,547.0
4016,2025-12-01,69.13,69.48,68.85,69.31,-0.22,-0.32,30979.0,2142957.3,472.0
4016,2025-11-30,69.02,69.71,67.59,69.53,1.14,1.67,76124.0,5237728.4,671.0
4016,2025-11-27,67.88,68.56,67.42,68.39,0.51,0.75,29934.0,2038396.6,447.0
4016,2025-11-26,67.71,67.99,67.19,67.88,0.12,0.18,50905.0,3443492.7,678.0
4016,2025-11-25,71.13,71.13,67.71,67.76,-3.49,-4.9,54026.0,3703900.2,761.0
4016,2025-11-24,68.62,71.25,68.62,71.25,1.94,2.8,68719.0,4826903.0,569.0
4016,2025-11-23,69.71,69.71,69.08,69.31,-0.4,-0.57,15939.0,1105292.6,265.0
4016,2025-11-20,69.93,70.73,69.31,69.71,-0.45,-0.64,64852.0,4548161.1,595.0
4016,2025-11-19,69.36,70.73,69.36,70.16,0.8,1.15,102851.0,7214505.4,786.0
4016,2025-11-18,69.13,69.99,68.22,69.36,-0.12,-0.17,64670.0,4482477.2,982.0
4016,2025-11-17,69.13,69.48,68.79,69.48,0.35,0.51,42478.0,2936095.2,684.0
4016,2025-11-16,70.28,70.28,68.73,69.13,-1.32,-1.87,52386.0,3636097.6,876.0
4016,2025-11-13,71.19,72.22,70.45,70.45,-0.46,-0.65,86413.0,6158136.5,983.0
4016,2025-11-12,70.73,71.13,70.51,70.91,0.18,0.25,34141.0,2417026.5,389.0
4016,2025-11-11,70.39,71.08,70.28,70.73,-0.23,-0.32,51750.0,3656323.5,649.0
4016,2025-11-10,70.96,71.65,70.28,70.96,0.05,0.07,71608.0,5071525.0,849.0
4016,2025-11-09,72.62,72.62,70.85,70.91,-1.71,-2.35,33405.0,2381434.8,620.0
4016,2025-11-06,71.99,72.73,71.71,72.62,0.06,0.08,38461.0,2773733.0,570.0
4016,2025-11-05,73.19,73.93,72.45,72.56,-1.72,-2.32,45052.0,3290989.2,677.0
4016,2025-11-04,74.56,75.19,73.71,74.28,-1.14,-1.51,64635.0,4802307.6,876.0
4016,2025-11-03,76.85,76.85,74.62,75.42,-1.48,-1.92,105774.0,8003736.1,1097.0
4016,2025-11-02,78.28,78.45,76.9,76.9,-1.49,-1.9,37904.0,2948131.5,347.0
4016,2025-10-30,76.62,78.39,76.62,78.39,1.14,1.48,101031.0,7878014.1,794.0
4016,2025-10-29,76.56,77.42,76.56,77.25,0.06,0.08,65181.0,5014068.0,579.0
4016,2025-10-28,77.36,77.42,76.85,77.19,-0.17,-0.22,99591.0,7679482.0,541.0
4016,2025-10-27,77.42,77.99,77.08,77.36,-0.69,-0.88,17576.0,1359222.5,372.0
4016,2025-10-26,78.16,78.45,77.3,78.05,-0.11,-0.14,50023.0,3895297.7,494.0
4016,2025-10-23,78.1,79.08,77.59,78.16,0.06,0.08,117964.0,9251851.4,984.0
4016,2025-10-22,77.19,78.16,77.02,78.1,0.8,1.03,41905.0,3254710.4,450.0
4016,2025-10-21,78.1,78.56,77.08,77.3,-0.23,-0.3,34204.0,2655842.1,443.0
4016,2025-10-20,77.48,77.88,76.73,77.53,-0.06,-0.08,67000.0,5176982.1,614.0
4016,2025-10-19,78.1,78.79,77.48,77.59,-0.69,-0.88,52580.0,4094453.6,483.0
4016,2025-10-16,78.79,78.79,77.82,78.28,-0.51,-0.65,56621.0,4421913.1,681.0
4016,2025-10-15,77.08,78.79,76.45,78.79,2.17,2.83,179701.0,14012668.2,1228.0
4016,2025-10-14,75.71,76.85,75.36,76.62,0.8,1.06,52375.0,3991733.0,579.0
4016,2025-10-13,75.02,76.22,75.02,75.82,0.86,1.15,60181.0,4564184.1,640.0
4016,2025-10-12,74.96,75.25,73.59,74.96,-0.63,-0.83,53194.0,3967220.7,456.0
4016,2025-10-09,76.16,76.56,75.42,75.59,-0.97,-1.27,70070.0,5319288.4,670.0
4016,2025-10-08,75.13,77.19,74.85,76.56,1.6,2.13,156269.0,11874419.3,1766.0
4016,2025-10-07,74.28,75.36,73.93,74.96,1.08,1.46,69037.0,5175435.1,727.0
4016,2025-10-06,74.39,74.62,73.48,73.88,-0.63,-0.85,42052.0,3116683.6,569.0
4016,2025-10-05,73.42,75.19,73.42,74.51,1.15,1.57,97224.0,7221121.6,932.0
4016,2025-10-02,72.11,73.53,72.11,73.36,1.31,1.82,77400.0,5640218.2,734.0
4016,2025-10-01,71.31,72.56,71.31,72.05,0.4,0.56,49662.0,3579690.4,543.0
4016,2025-09-30,70.85,71.88,70.85,71.65,0.52,0.73,48087.0,3440061.7,561.0
4016,2025-09-29,70.33,71.25,70.33,71.13,0.28,0.4,27037.0,1917481.2,570.0
4016,2025-09-28,71.19,71.53,70.68,70.85,-0.34,-0.48,18673.0,1327572.8,375.0
4016,2025-09-25,71.76,72.33,70.11,71.19,-0.34,-0.48,54152.0,3860053.6,654.0
4016,2025-09-24,70.28,71.93,70.28,71.53,0.74,1.05,42441.0,3032933.6,727.0
4016,2025-09-22,69.99,71.13,69.99,70.79,-0.06,-0.08,23267.0,1647101.9,374.0
4016,2025-09-21,70.28,71.13,70.11,70.85,0.8,1.14,40265.0,2846997.1,485.0
4016,2025-09-18,69.88,70.39,69.25,70.05,0.29,0.42,18855.0,1316908.6,429.0
4016,2025-09-17,69.42,69.76,68.91,69.76,0.51,0.74,28509.0,1979400.9,407.0
4016,2025-09-16,68.05,69.36,68.05,69.25,0.63,0.92,43517.0,2995349.3,533.0
4016,2025-09-15,68.96,69.65,68.28,68.62,-0.51,-0.74,39205.0,2693176.4,565.0
4016,2025-09-14,70.16,70.16,68.96,69.13,-1.15,-1.64,24844.0,1721927.3,353.0
4016,2025-09-11,70.11,70.28,69.99,70.28,0.06,0.09,16193.0,1135528.9,310.0
4016,2025-09-10,69.88,71.31,69.88,70.22,0.34,0.49,25385.0,1786235.2,467.0
4016,2025-09-09,69.99,70.39,69.88,69.88,-0.11,-0.16,14936.0,1045989.9,335.0
4016,2025-09-08,71.93,71.93,69.93,69.99,-1.83,-2.55,45257.0,3199590.6,504.0
4016,2025-09-07,71.82,72.28,71.76,71.82,0.0,0.0,24498.0,1760583.7,321.0
4016,2025-09-04,72.22,72.22,71.82,71.82,-0.4,-0.55,15115.0,1088632.1,315.0
4016,2025-09-03,72.56,72.73,72.11,72.22,-0.34,-0.47,11413.0,826105.4,209.0
4016,2025-09-02,72.11,72.73,71.53,72.56,-0.17,-0.23,34642.0,2506513.2,439.0
4016,2025-09-01,71.42,73.13,71.42,72.73,0.05,0.07,43657.0,3174006.9,521.0
4016,2025-08-31,73.19,73.19,72.39,72.68,-0.51,-0.7,72315.0,5251542.8,666.0
4016,2025-08-28,73.59,73.59,73.08,73.19,-0.4,-0.54,15533.0,1137275.9,252.0
4016,2025-08-27,74.05,74.05,73.25,73.59,-0.4,-0.54,19774.0,1454012.0,267.0
4016,2025-08-26,73.13,73.99,72.73,73.99,0.57,0.78,49508.0,3644123.8,415.0
4016,2025-08-25,72.79,73.48,72.79,73.42,0.23,0.31,57169.0,4183692.2,439.0
4016,2025-08-24,72.85,73.48,72.51,73.19,0.34,0.47,72168.0,5278896.0,545.0
4016,2025-08-21,72.05,73.13,71.59,72.85,0.8,1.11,140091.0,10184179.7,767.0
4016,2025-08-20,71.88,72.28,70.96,72.05,0.52,0.73,44284.0,3173266.3,590.0
4016,2025-08-19,72.33,73.25,71.53,71.53,-0.8,-1.11,117219.0,8534121.6,799.0
4016,2025-08-18,71.02,72.73,70.22,72.33,1.48,2.09,125590.0,9045839.8,1073.0
4016,2025-08-17,70.33,71.02,69.76,70.85,0.52,0.74,44305.0,3121882.5,555.0
4016,2025-08-14,68.56,70.96,68.56,70.33,0.85,1.22,101845.0,7163700.3,818.0
4016,2025-08-13,69.13,69.71,68.56,69.48,0.35,0.51,50574.0,3504365.6,459.0
4016,2025-08-12,69.65,69.93,68.91,69.13,-0.52,-0.75,33468.0,2324393.9,437.0
4016,2025-08-11,69.59,69.71,68.73,69.65,-0.4,-0.57,37971.0,2629464.8,486.0
4016,2025-08-10,69.71,70.22,68.45,70.05,2.52,3.73,109120.0,7606796.4,843.0
4016,2025-08-07,67.59,68.39,67.42,67.53,-0.06,-0.09,31989.0,2169029.8,439.0
4016,2025-08-06,67.88,67.99,67.48,67.59,-0.29,-0.43,24363.0,1649606.4,478.0
4016,2025-08-05,67.93,68.79,67.59,67.88,-0.11,-0.16,34908.0,2370594.7,361.0
4016,2025-08-04,67.93,68.73,67.13,67.99,0.06,0.09,21942.0,1494207.7,386.0
4016,2025-08-03,68.28,68.39,66.96,67.93,-1.09,-1.58,40916.0,2769978.3,413.0
4016,2025-07-31,69.25,69.25,67.99,69.02,0.17,0.25,46468.0,3193335.2,475.0
4016,2025-07-30,67.48,69.25,67.48,68.85,0.29,0.42,70766.0,4866834.2,554.0
4016,2025-07-29,68.22,69.25,67.42,68.56,0.34,0.5,98371.0,6738760.9,622.0
4016,2025-07-28,68.11,68.45,66.56,68.22,0.8,1.19,31140.0,2110224.3,447.0
4016,2025-07-27,67.19,67.82,66.39,67.42,0.97,1.46,41070.0,2756222.9,467.0
4016,2025-07-24,67.42,67.65,65.59,66.45,-0.91,-1.35,53915.0,3584983.9,711.0
4016,2025-07-23,67.19,67.76,66.91,67.36,0.23,0.34,26467.0,1783874.0,493.0
4016,2025-07-22,68.28,68.28,67.08,67.13,-1.15,-1.68,46942.0,3169051.8,603.0
4016,2025-07-21,68.39,68.56,67.53,68.28,-0.05,-0.07,28397.0,1931803.1,414.0
4016,2025-07-20,69.36,69.36,68.11,68.33,0.05,0.07,15731.0,1078410.8,308.0
4016,2025-07-17,68.79,69.25,68.16,68.28,-0.68,-0.99,22931.0,1572621.0,386.0
4016,2025-07-16,68.56,69.31,67.99,68.96,0.34,0.5,42777.0,2932682.5,512.0
4016,2025-07-15,69.25,69.42,68.56,68.62,-0.63,-0.91,19961.0,1373690.2,389.0
4016,2025-07-14,69.88,70.28,69.02,69.25,-0.63,-0.9,57899.0,4036082.6,1023.0
4016,2025-07-13,70.16,70.28,69.36,69.88,-0.28,-0.4,23922.0,1667084.1,400.0
4016,2025-07-10,69.48,70.56,69.13,70.16,0.68,0.98,46251.0,3237411.5,672.0
4016,2025-07-09,69.02,69.71,68.56,69.48,0.46,0.67,23973.0,1656549.4,406.0
4016,2025-07-08,69.99,70.28,69.02,69.02,-0.63,-0.9,39133.0,2720753.0,476.0
4016,2025-07-07,69.13,69.99,68.91,69.65,0.52,0.75,56292.0,3911446.4,607.0
4016,2025-07-06,68.91,69.42,67.48,69.13,-0.06,-0.09,32174.0,2214365.7,483.0
4016,2025-07-03,69.48,69.59,68.85,69.19,0.06,0.09,26031.0,1800287.9,361.0
4016,2025-07-02,69.65,70.22,68.85,69.13,-0.23,-0.33,63132.0,4375691.2,563.0
4016,2025-07-01,70.16,70.73,69.31,69.36,-1.09,-1.55,39956.0,2794808.2,514.0
4016,2025-06-30,70.51,71.42,70.16,70.45,0.17,0.24,98924.0,6990020.8,823.0
4016,2025-06-29,68.79,70.45,68.79,70.28,1.03,1.49,48959.0,3416019.1,534.0
4016,2025-06-26,68.79,69.82,68.79,69.25,0.57,0.83,36649.0,2537168.0,341.0
4016,2025-06-25,69.25,69.48,68.68,68.68,-0.23,-0.33,34747.0,2400315.4,367.0
4016,2025-06-24,67.31,69.71,67.19,68.91,1.95,2.91,90358.0,6214801.8,644.0
4016,2025-06-23,65.71,67.08,65.59,66.96,2.05,3.16,27361.0,1814437.4,397.0
4016,2025-06-22,65.25,66.62,64.68,64.91,-0.11,-0.17,27795.0,1821877.0,424.0
4016,2025-06-19,65.13,65.93,63.65,65.02,-0.11,-0.17,42231.0,2741205.4,463.0
4016,2025-06-18,67.08,67.08,65.13,65.13,-1.95,-2.91,55764.0,3656001.6,595.0
4016,2025-06-17,67.99,68.79,66.96,67.08,-1.37,-2.0,37463.0,2537970.4,447.0
4016,2025-06-16,66.85,68.79,66.39,68.45,1.49,2.23,50919.0,3461477.8,426.0
4016,2025-06-15,61.71,67.88,61.71,66.96,-1.26,-1.85,51075.0,3327280.2,676.0
4016,2025-06-12,69.71,70.05,67.99,68.22,-2.06,-2.93,49748.0,3412268.0,465.0
4016,2025-06-11,70.16,71.19,69.82,70.28,0.0,0.0,37974.0,2679584.0,444.0
4016,2025-06-04,69.48,70.85,69.48,70.28,0.8,1.15,21363.0,1497743.0,280.0
4016,2025-06-03,70.85,70.85,69.48,69.48,-1.37,-1.93,30321.0,2125972.2,452.0
4016,2025-06-02,68.79,71.31,68.45,70.85,1.94,2.82,64474.0,4529914.4,715.0
4016,2025-06-01,69.82,69.82,68.45,68.91,-1.02,-1.46,25054.0,1727904.4,352.0
4016,2025-05-29,70.28,71.19,68.91,69.93,-0.23,-0.33,48983.0,3431766.6,751.0
4016,2025-05-28,69.59,70.73,69.59,70.16,0.8,1.15,22872.0,1605741.0,356.0
4016,2025-05-27,69.13,70.85,68.68,69.36,-0.23,-0.33,13743.0,952198.0,337.0
4016,2025-05-26,69.59,70.85,68.91,69.59,0.0,0.0,33030.0,2308727.8,420.0
4016,2025-05-25,70.28,70.96,69.59,69.59,-1.37,-1.93,28297.0,1985160.4,414.0
4016,2025-05-22,70.96,71.88,70.96,70.96,-1.03,-1.43,26342.0,1877693.4,304.0
4016,2025-05-21,71.65,72.56,70.73,71.99,-0.12,-0.17,55417.0,3970292.2,457.0
4016,2025-05-20,71.76,72.11,71.31,72.11,0.23,0.32,30679.0,2198197.2,376.0
4016,2025-05-19,71.65,72.33,71.31,71.88,-0.34,-0.47,33706.0,2415329.2,374.0
4016,2025-05-18,72.33,73.02,72.11,72.22,-0.23,-0.32,23796.0,1725870.6,364.0
4016,2025-05-15,74.16,74.16,71.99,72.45,-1.37,-1.86,65075.0,4734571.0,623.0
4016,2025-05-14,73.25,74.16,73.13,73.82,0.69,0.94,33163.0,2439751.0,405.0
4016,2025-05-13,74.28,74.85,73.13,73.13,0.22,0.3,122977.0,9073419.2,885.0
4016,2025-05-12,71.42,73.36,71.42,72.91,1.26,1.76,108410.0,7856318.2,801.0
4016,2025-05-11,71.88,72.56,71.19,71.65,-0.34,-0.47,54566.0,3911579.0,419.0
4016,2025-05-08,70.73,71.99,70.28,71.99,0.68,0.95,35129.0,2500163.8,510.0
4016,2025-05-07,72.33,73.59,71.19,71.31,-0.8,-1.11,155328.0,11170139.2,898.0
4016,2025-05-06,73.13,73.82,71.99,72.11,-1.02,-1.39,49167.0,3582486.2,591.0
4016,2025-05-05,73.82,74.28,72.91,73.13,-0.69,-0.93,70691.0,5188909.6,646.0
4016,2025-05-04,74.28,75.31,73.36,73.82,-1.71,-2.26,42017.0,3112031.0,449.0
4016,2025-05-01,75.65,76.11,74.73,75.53,-0.12,-0.16,76918.0,5789808.6,847.0
4016,2025-04-30,74.96,79.42,74.96,75.65,1.37,1.84,527069.0,40725342.8,3757.0
4016,2025-04-29,73.82,74.73,73.82,74.28,0.46,0.62,25413.0,1886746.2,361.0
4016,2025-04-28,73.71,74.28,73.36,73.82,0.11,0.15,32934.0,2430965.4,418.0
4016,2025-04-27,74.28,74.28,73.48,73.71,0.0,0.0,12574.0,928491.0,302.0
4016,2025-04-24,73.13,73.93,72.79,73.71,0.58,0.79,28973.0,2131485.8,364.0
4016,2025-04-23,73.13,74.28,72.56,73.13,0.57,0.79,32141.0,2348739.2,422.0
4016,2025-04-22,72.22,73.02,72.22,72.56,-0.8,-1.09,28420.0,2062490.2,514.0
4016,2025-04-21,73.71,74.73,73.36,73.36,-0.46,-0.62,24442.0,1804586.6,381.0
4016,2025-04-20,73.71,74.73,73.71,73.82,-0.23,-0.31,25683.0,1900582.4,354.0
4016,2025-04-17,75.42,75.42,73.71,74.05,-1.94,-2.55,44546.0,3315268.0,499.0
4016,2025-04-16,73.93,75.99,73.48,75.99,2.06,2.79,119606.0,8954859.8,786.0
4016,2025-04-15,74.05,74.96,73.59,73.93,-0.12,-0.16,33664.0,2501445.2,475.0
4016,2025-04-14,73.25,74.05,72.91,74.05,0.8,1.09,98567.0,7224115.8,538.0
4016,2025-04-13,72.11,73.25,72.11,73.25,1.14,1.58,45742.0,3337434.6,515.0
4016,2025-04-10,71.42,73.59,68.91,72.11,5.15,7.69,267560.0,19462711.2,1255.0
4016,2025-04-09,66.85,68.45,66.85,66.96,-1.49,-2.18,64702.0,4374386.4,780.0
4016,2025-04-08,68.79,70.39,67.99,68.45,-0.23,-0.33,95927.0,6655046.2,892.0
4016,2025-04-07,64.45,69.13,64.11,68.68,-1.14,-1.63,124519.0,8285728.8,1320.0
4016,2025-04-06,71.99,71.99,68.33,69.82,-4.57,-6.14,110902.0,7747351.8,917.0
4016,2025-04-03,73.71,74.96,73.71,74.39,-0.8,-1.06,15547.0,1155744.2,393.0
4016,2025-03-27,75.19,75.19,74.39,75.19,0.0,0.0,19888.0,1489238.0,335.0
4016,2025-03-26,74.05,75.19,74.05,75.19,1.37,1.86,29360.0,2182651.2,427.0
4016,2025-03-25,74.51,74.73,73.71,73.82,-0.69,-0.93,20407.0,1511559.4,357.0
4016,2025-03-24,75.42,75.65,73.36,74.51,-1.02,-1.35,88675.0,6595370.4,738.0
4016,2025-03-23,77.36,78.5,75.53,75.53,-1.03,-1.35,76855.0,5897553.6,605.0
4016,2025-03-20,76.22,77.48,76.22,76.56,0.45,0.59,41982.0,3235927.4,517.0
4016,2025-03-19,76.9,77.59,76.11,76.11,-0.45,-0.59,49001.0,3754962.8,637.0
4016,2025-03-18,76.11,76.68,74.85,76.56,0.45,0.59,117310.0,8917377.4,914.0
4016,2025-03-17,75.42,76.45,75.08,76.11,0.69,0.91,114527.0,8703281.0,825.0
4016,2025-03-16,72.68,75.88,72.11,75.42,2.74,3.77,57298.0,4276229.4,741.0
4016,2025-03-13,74.05,74.96,72.68,72.68,-1.83,-2.46,72678.0,5350947.4,593.0
4016,2025-03-12,75.19,75.65,74.28,74.51,-0.68,-0.9,30483.0,2275843.6,408.0
4016,2025-03-11,74.96,75.42,71.99,75.19,0.23,0.31,93395.0,6933121.0,847.0
4016,2025-03-10,76.33,76.33,74.05,74.96,-1.49,-1.95,69651.0,5227608.0,650.0
4016,2025-03-09,74.28,76.45,74.05,76.45,1.26,1.68,53648.0,4038536.6,480.0
4016,2025-03-06,75.42,75.76,73.71,75.19,-0.8,-1.05,109600.0,8177077.0,750.0
4016,2025-03-05,75.99,77.13,75.08,75.99,0.0,0.0,157045.0,11970144.6,959.0
4016,2025-03-04,77.59,77.82,75.88,75.99,-1.6,-2.06,66295.0,5088523.2,808.0
4016,2025-03-03,77.13,78.85,77.13,77.59,0.23,0.3,172146.0,13468542.6,1112.0
4016,2025-03-02,75.76,77.7,75.76,77.36,1.48,1.95,112092.0,8608031.4,822.0
4016,2025-02-27,77.13,77.13,75.88,75.88,-1.25,-1.62,63942.0,4877461.4,547.0
4016,2025-02-26,76.56,77.7,76.33,77.13,0.11,0.14,63226.0,4870703.4,697.0
4016,2025-02-25,76.22,77.02,75.08,77.02,0.69,0.9,76034.0,5782286.2,878.0
4016,2025-02-24,76.56,77.7,75.42,76.33,-0.35,-0.46,64872.0,4959260.2,841.0
4016,2025-02-20,77.93,78.16,76.33,76.68,-1.6,-2.04,65167.0,5019455.2,847.0
4016,2025-02-19,78.73,79.99,78.16,78.28,-1.14,-1.44,118495.0,9360608.6,1091.0
4016,2025-02-18,77.82,80.33,77.48,79.42,1.6,2.06,360761.0,28641556.0,2323.0
4016,2025-02-17,77.13,78.05,76.33,77.82,0.69,0.89,124029.0,9574440.4,1234.0
4016,2025-02-16,76.11,77.93,76.11,77.13,0.68,0.89,66739.0,5143365.4,821.0
4016,2025-02-13,76.56,77.02,76.11,76.45,-0.11,-0.14,48857.0,3742520.2,501.0
4016,2025-02-12,77.36,77.36,76.22,76.56,-1.14,-1.47,65502.0,5033200.8,710.0
4016,2025-02-11,75.99,77.82,75.65,77.7,1.71,2.25,250525.0,19351022.2,1873.0
4016,2025-02-10,75.88,76.45,75.53,75.99,-0.23,-0.3,51852.0,3939970.4,1098.0
4016,2025-02-09,76.22,76.79,75.99,76.22,-0.23,-0.3,79978.0,6104080.0,619.0
4016,2025-02-06,75.88,76.56,75.76,76.45,0.34,0.45,49468.0,3765318.6,556.0
4016,2025-02-05,76.11,76.68,75.88,76.11,-0.45,-0.59,55553.0,4232071.4,715.0
4016,2025-02-04,75.65,77.02,75.19,76.56,0.11,0.14,130680.0,9932942.2,1256.0
4016,2025-02-03,76.68,77.13,75.42,76.45,-0.45,-0.59,196047.0,14962732.0,1316.0
4016,2025-02-02,74.39,77.02,74.16,76.9,2.28,3.06,193831.0,14681150.6,1468.0
4016,2025-01-30,74.73,74.85,74.16,74.62,-0.11,-0.15,51082.0,3800964.8,562.0
4016,2025-01-29,74.28,74.96,74.05,74.73,0.34,0.46,65915.0,4921581.6,678.0
4016,2025-01-28,74.28,75.42,74.28,74.39,-0.23,-0.31,85648.0,6407854.8,748.0
4016,2025-01-27,75.19,75.99,74.62,74.62,-0.91,-1.2,133284.0,10018746.8,1051.0
4016,2025-01-26,74.96,76.56,74.28,75.53,0.57,0.76,177788.0,13431991.4,1569.0
4016,2025-01-23,72.45,75.08,71.99,74.96,2.74,3.79,356681.0,26386088.2,2216.0
4016,2025-01-22,72.45,72.79,71.99,72.22,-0.11,-0.15,69681.0,5045157.4,638.0
4016,2025-01-21,71.88,72.45,71.31,72.33,0.45,0.63,81131.0,5840669.0,650.0
4016,2025-01-20,72.22,72.56,71.76,71.88,-0.34,-0.47,60865.0,4389998.4,702.0
4016,2025-01-19,71.53,72.22,71.42,72.22,0.69,0.96,93467.0,6732922.2,958.0
4016,2025-01-16,71.65,71.65,71.08,71.53,-0.12,-0.17,106346.0,7593972.2,904.0
4016,2025-01-15,71.65,71.88,71.19,71.65,0.23,0.32,69861.0,4996814.2,739.0
4016,2025-01-14,70.85,71.88,70.62,71.42,0.34,0.48,89042.0,6358025.2,840.0
4016,2025-01-13,71.42,71.88,70.73,71.08,-0.45,-0.63,95698.0,6816945.6,803.0
4016,2025-01-12,71.31,71.88,70.96,71.53,0.57,0.8,124197.0,8878074.8,1092.0
4016,2025-01-09,70.96,71.53,70.28,70.96,0.0,0.0,105125.0,7446983.4,947.0
4016,2025-01-08,69.59,71.53,69.02,70.96,1.25,1.79,341925.0,24208736.2,2236.0
4016,2025-01-07,69.71,69.93,68.56,69.71,-0.11,-0.16,133133.0,9197364.0,950.0
4016,2025-01-06,69.13,70.16,68.56,69.82,0.69,1.0,106831.0,7435029.6,1087.0
4016,2025-01-05,69.02,69.59,68.56,69.13,0.11,0.16,32342.0,2237096.8,378.0
4016,2025-01-02,69.82,70.16,69.02,69.02,-0.91,-1.3,80079.0,5547654.4,622.0
4016,2025-01-01,69.48,70.39,69.25,69.93,0.34,0.49,58259.0,4079038.0,496.0
4016,2024-12-31,69.13,70.05,69.13,69.59,0.23,0.33,82446.0,5737836.4,873.0
4016,2024-12-30,68.22,69.59,67.99,69.36,1.25,1.84,95350.0,6579945.2,961.0
4016,2024-12-29,67.76,68.56,67.53,68.11,0.35,0.52,110724.0,7531343.6,1078.0
4016,2024-12-26,68.45,68.45,67.53,67.76,-0.12,-0.18,26174.0,1775849.2,390.0
4016,2024-12-25,67.19,68.45,66.73,67.88,0.69,1.03,43179.0,2914087.6,487.0
4016,2024-12-24,67.42,67.42,66.85,67.19,-0.23,-0.34,19791.0,1327464.4,434.0
4016,2024-12-23,66.85,67.53,66.28,67.42,0.57,0.85,57018.0,3809995.2,715.0
4016,2024-12-22,67.99,68.91,66.73,66.85,-0.91,-1.34,74948.0,5074918.6,981.0
4016,2024-12-19,68.68,68.68,67.53,67.76,-0.92,-1.34,56926.0,3868056.6,591.0
4016,2024-12-18,69.02,69.02,68.33,68.68,-0.34,-0.49,48229.0,3303304.2,558.0
4016,2024-12-17,69.02,69.36,68.56,69.02,-0.46,-0.66,53180.0,3662182.4,572.0
4016,2024-12-16,69.71,69.82,69.13,69.48,-0.23,-0.33,32762.0,2273241.8,460.0
4016,2024-12-15,69.71,70.05,69.25,69.71,0.35,0.5,40052.0,2792977.8,496.0
4016,2024-12-12,69.48,69.93,69.25,69.36,-0.12,-0.17,31912.0,2222050.6,408.0
4016,2024-12-11,70.16,70.16,69.13,69.48,-0.57,-0.81,63615.0,4427607.0,551.0
4016,2024-12-10,69.93,70.73,69.71,70.05,0.23,0.33,104101.0,7314585.0,727.0
4016,2024-12-09,69.93,70.28,69.48,69.82,-0.11,-0.16,72506.0,5064801.6,910.0
4016,2024-12-08,69.02,70.28,68.79,69.93,0.91,1.32,138965.0,9694045.8,956.0
4016,2024-12-05,69.02,69.02,68.33,69.02,0.46,0.67,62094.0,4262627.6,779.0
4016,2024-12-04,68.56,69.71,68.33,68.56,0.0,0.0,79829.0,5497029.6,926.0
4016,2024-12-03,67.99,69.02,67.76,68.56,0.57,0.84,102436.0,7021694.4,900.0
4016,2024-12-02,68.33,68.91,67.88,67.99,-0.23,-0.34,48309.0,3297659.6,702.0
4016,2024-12-01,69.25,69.82,68.11,68.22,-0.91,-1.32,79635.0,5482725.6,963.0
4016,2024-11-28,67.99,69.13,67.53,69.13,0.91,1.33,90010.0,6159755.8,922.0
4016,2024-11-27,69.02,69.25,68.22,68.22,-0.8,-1.16,103530.0,7087435.0,954.0
4016,2024-11-26,69.93,70.28,68.91,69.02,-1.03,-1.47,118792.0,8252575.0,918.0
4016,2024-11-25,70.62,70.62,69.48,70.05,-0.46,-0.65,48773.0,3414043.4,573.0
4016,2024-11-24,70.16,71.53,70.05,70.51,0.35,0.5,99561.0,7058343.6,700.0
4016,2024-11-21,69.82,70.73,69.48,70.16,0.23,0.33,127830.0,8961246.2,791.0
4016,2024-11-20,69.82,70.51,69.82,69.93,-0.12,-0.17,72536.0,5084460.2,675.0
4016,2024-11-19,69.93,71.08,69.82,70.05,0.12,0.17,109366.0,7688062.0,913.0
4016,2024-11-18,71.99,71.99,69.82,69.93,-1.49,-2.09,151656.0,10687658.8,1118.0
4016,2024-11-17,70.85,71.53,70.85,71.42,0.46,0.65,70518.0,5028286.4,680.0
4016,2024-11-14,73.25,73.25,70.73,70.96,-0.8,-1.11,127960.0,9179154.6,1079.0
4016,2024-11-13,71.65,72.45,71.08,71.76,0.11,0.15,71969.0,5167819.6,659.0
4016,2024-11-12,72.56,72.91,71.65,71.65,-0.91,-1.25,93215.0,6738218.2,865.0
4016,2024-11-11,71.53,72.91,70.85,72.56,0.57,0.79,173523.0,12440666.2,1197.0
4016,2024-11-10,73.71,73.71,70.39,71.99,-2.63,-3.52,286300.0,20519071.4,2040.0
4016,2024-11-07,75.53,75.53,74.39,74.62,-1.03,-1.36,87491.0,6550893.4,794.0
4016,2024-11-06,75.08,75.88,74.73,75.65,0.46,0.61,101021.0,7614458.6,764.0
4016,2024-11-05,74.85,75.42,74.39,75.19,-0.57,-0.75,68234.0,5107319.8,696.0
4016,2024-11-04,76.11,76.11,74.39,75.76,-0.35,-0.46,84656.0,6365597.6,920.0
4016,2024-11-03,76.45,76.56,75.65,76.11,-0.34,-0.44,46781.0,3554027.4,581.0
4016,2024-10-31,75.99,76.45,75.65,76.45,0.57,0.75,85370.0,6497272.0,634.0
4016,2024-10-30,75.42,76.22,75.08,75.88,0.46,0.61,61212.0,4627710.0,590.0
4016,2024-10-29,76.79,76.79,75.42,75.42,-1.26,-1.64,76948.0,5839925.8,683.0
4016,2024-10-28,76.56,77.59,76.56,76.68,-0.22,-0.29,96790.0,7461252.2,773.0
4016,2024-10-27,75.65,77.02,75.65,76.9,1.14,1.5,101549.0,7774844.0,711.0
4016,2024-10-24,74.85,76.11,74.85,75.76,0.0,0.0,60073.0,4542208.8,649.0
4016,2024-10-23,75.99,76.22,74.39,75.76,-0.12,-0.16,150306.0,11294305.4,1018.0
4016,2024-10-22,77.25,77.25,75.88,75.88,-1.37,-1.77,153698.0,11759098.0,866.0
4016,2024-10-21,75.53,77.36,75.42,77.25,1.72,2.28,153425.0,11776323.6,1112.0
4016,2024-10-20,75.99,76.56,75.08,75.53,-0.46,-0.61,63832.0,4830421.6,755.0
4016,2024-10-17,76.56,77.48,75.42,75.99,-0.46,-0.6,141517.0,10814570.2,1224.0
4016,2024-10-16,76.9,76.9,76.22,76.45,-0.45,-0.59,80673.0,6176772.6,819.0
4016,2024-10-15,77.13,77.59,76.33,76.9,-0.12,-0.16,98484.0,7578195.2,891.0
4016,2024-10-14,77.48,78.28,77.02,77.02,-0.46,-0.59,153889.0,11926553.6,1183.0
4016,2024-10-13,75.99,77.82,75.99,77.48,1.6,2.11,135911.0,10494860.8,1091.0
4016,2024-10-10,74.73,76.33,74.39,75.88,1.49,2.0,124382.0,9415432.2,1080.0
4016,2024-10-09,75.88,76.22,74.28,74.39,-1.37,-1.81,122938.0,9241494.2,1314.0
4016,2024-10-08,76.9,77.02,74.62,75.76,-1.03,-1.34,194177.0,14728109.2,1426.0
4016,2024-10-07,74.85,77.02,74.62,76.79,1.48,1.97,234933.0,17918752.8,1356.0
4016,2024-10-06,78.62,78.85,74.51,75.31,-3.31,-4.21,278954.0,21259138.4,1604.0
4016,2024-10-03,79.99,81.25,78.05,78.62,-1.26,-1.58,391139.0,31233677.2,1579.0
4016,2024-10-02,79.99,80.56,78.5,79.88,-1.82,-2.23,456970.0,36353419.0,1901.0
4016,2024-10-01,79.65,81.82,79.53,81.7,1.71,2.14,350307.0,28272372.8,1634.0
4016,2024-09-30,81.36,82.05,79.65,79.99,-1.37,-1.68,449621.0,36111831.8,1900.0
4016,2024-09-29,80.56,82.62,79.76,81.36,0.91,1.13,565763.0,46045248.8,2679.0
4016,2024-09-26,79.42,81.13,78.96,80.45,1.03,1.3,556258.0,44677541.4,2888.0
4016,2024-09-25,78.16,79.65,76.79,79.42,1.72,2.21,721504.0,56615777.0,3930.0
4016,2024-09-24,74.51,77.82,73.93,77.7,3.19,4.28,551994.0,42114645.4,2966.0
4016,2024-09-22,74.62,75.42,74.28,74.51,-0.11,-0.15,90554.0,6770575.0,835.0
4016,2024-09-19,73.25,75.19,72.33,74.62,1.49,2.04,270590.0,20093031.2,2001.0
4016,2024-09-18,73.59,73.82,72.68,73.13,-0.46,-0.63,95849.0,7010611.2,1018.0
4016,2024-09-17,72.79,73.59,71.42,73.59,1.37,1.9,154574.0,11205709.8,1435.0
4016,2024-09-16,73.25,73.59,72.11,72.22,-1.03,-1.41,96874.0,7035434.2,1217.0
4016,2024-09-15,73.71,74.28,73.25,73.25,-0.46,-0.62,52979.0,3903703.0,879.0
4016,2024-09-12,73.59,74.39,73.13,73.71,0.46,0.63,97126.0,7172481.2,854.0
4016,2024-09-11,74.05,74.73,73.13,73.25,-1.48,-1.98,108930.0,8035250.4,1098.0
4016,2024-09-10,74.28,76.22,73.93,74.73,0.8,1.08,221607.0,16631662.2,1831.0
4016,2024-09-09,72.45,74.16,72.22,73.93,1.48,2.04,167583.0,12294004.6,1165.0
4016,2024-09-08,73.13,73.36,71.99,72.45,-1.26,-1.71,187388.0,13604243.4,1208.0
4016,2024-09-05,74.85,75.65,73.59,73.71,-1.14,-1.52,148892.0,11038198.8,1297.0
4016,2024-09-04,74.85,75.19,73.13,74.85,-0.91,-1.2,287392.0,21458680.8,1508.0
4016,2024-09-03,76.68,77.93,75.65,75.76,-1.14,-1.48,316155.0,24241115.4,1750.0
4016,2024-09-02,77.25,78.16,76.68,76.9,-0.58,-0.75,208699.0,16142091.8,1403.0
4016,2024-09-01,77.48,78.85,77.25,77.48,0.0,0.0,268925.0,20993170.0,1679.0
4016,2024-08-29,77.13,77.93,76.56,77.48,0.35,0.45,159030.0,12268557.6,1411.0
4016,2024-08-28,77.82,78.28,76.9,77.13,-0.69,-0.89,173705.0,13448997.4,1426.0
4016,2024-08-27,76.33,79.19,76.22,77.82,1.71,2.25,616827.0,48140101.8,3449.0
4016,2024-08-26,77.02,77.13,75.53,76.11,-0.45,-0.59,276663.0,21119844.8,2020.0
4016,2024-08-25,76.45,78.62,75.88,76.56,0.57,0.75,500892.0,38590758.6,2767.0
4016,2024-08-22,74.73,75.99,74.39,75.99,1.26,1.69,363946.0,27422249.6,2213.0
4016,2024-08-21,75.31,75.31,73.71,74.73,-0.23,-0.31,223901.0,16609804.4,1525.0
4016,2024-08-20,75.42,75.99,74.28,74.96,0.23,0.31,258184.0,19398206.0,1836.0
4016,2024-08-19,73.59,75.42,72.91,74.73,1.6,2.19,548151.0,40809030.6,2863.0
4016,2024-08-18,73.02,73.71,72.56,73.13,1.14,1.58,186937.0,13663744.8,1415.0
4016,2024-08-15,70.62,73.13,70.39,71.99,1.71,2.43,458097.0,33072504.6,2669.0
4016,2024-08-14,68.56,70.96,68.56,70.28,1.72,2.51,216183.0,15213114.2,1613.0
4016,2024-08-13,68.11,69.02,67.99,68.56,0.45,0.66,96969.0,6638212.4,1026.0
4016,2024-08-12,69.13,69.82,67.88,68.11,-1.02,-1.48,142460.0,9777367.0,1278.0
4016,2024-08-11,70.16,72.22,69.13,69.13,-1.03,-1.47,273814.0,19456493.2,1808.0
4016,2024-08-08,68.68,71.19,67.53,70.16,0.91,1.31,320086.0,22226294.2,2010.0
4016,2024-08-07,69.13,70.85,67.88,69.25,1.14,1.67,301679.0,20929440.2,1902.0
4016,2024-08-06,66.85,69.25,66.28,68.11,3.89,6.06,428237.0,29152128.2,2907.0
4016,2024-08-05,66.85,66.85,61.14,64.22,-3.2,-4.75,480337.0,30425677.2,3506.0
4016,2024-08-04,66.85,69.48,66.85,67.42,-3.31,-4.68,230885.0,15752276.0,2001.0
4016,2024-08-01,71.31,71.42,70.28,70.73,-0.58,-0.81,165040.0,11674175.2,1609.0
4016,2024-07-31,72.68,72.79,71.08,71.31,-1.48,-2.03,216696.0,15508729.8,1869.0
4016,2024-07-30,72.56,73.82,71.76,72.79,0.34,0.47,178966.0,13043226.6,1549.0
4016,2024-07-29,73.36,73.36,72.11,72.45,-0.91,-1.24,163029.0,11839591.6,1423.0
4016,2024-07-28,73.02,73.59,72.79,73.36,0.34,0.47,106579.0,7799222.4,1108.0
4016,2024-07-25,74.28,74.28,72.91,73.02,-1.26,-1.7,133228.0,9790488.8,1127.0
4016,2024-07-24,73.93,74.85,73.59,74.28,0.35,0.47,105456.0,7826687.4,1012.0
4016,2024-07-23,74.73,74.85,73.93,73.93,-0.92,-1.23,95927.0,7139123.6,979.0
4016,2024-07-22,73.59,75.19,73.59,74.85,1.26,1.71,246155.0,18348349.8,1572.0
4016,2024-07-21,75.08,75.08,73.13,73.59,-1.37,-1.83,175352.0,12940688.0,1607.0
4016,2024-07-18,75.08,75.65,74.73,74.96,-0.12,-0.16,91436.0,6871563.8,1056.0
4016,2024-07-17,74.85,75.31,74.51,75.08,0.69,0.93,142101.0,10652843.8,1052.0
4016,2024-07-16,74.85,75.19,74.28,74.39,-0.46,-0.61,104538.0,7812301.2,1233.0
4016,2024-07-15,74.62,76.33,74.39,74.85,0.57,0.77,320929.0,24242256.4,2198.0
4016,2024-07-14,73.71,74.62,73.59,74.28,0.8,1.09,137784.0,10220401.6,1457.0
4016,2024-07-11,73.71,74.28,73.25,73.48,-0.23,-0.31,83522.0,6156589.0,891.0
4016,2024-07-10,73.59,73.93,72.91,73.71,0.58,0.79,91321.0,6713037.6,947.0
4016,2024-07-09,72.56,73.36,72.33,73.13,0.45,0.62,97805.0,7137470.2,1027.0
4016,2024-07-08,72.56,72.79,71.42,72.68,0.12,0.17,111875.0,8069320.2,1281.0
4016,2024-07-07,72.68,73.25,72.11,72.56,-0.35,-0.48,92352.0,6698289.4,1210.0
4016,2024-07-04,72.68,73.82,72.56,72.91,-0.22,-0.3,71766.0,5247842.0,886.0
4016,2024-07-03,73.13,73.71,72.33,73.13,-0.12,-0.16,134656.0,9824158.8,1111.0
4016,2024-07-02,73.71,74.39,73.25,73.25,-0.46,-0.62,139723.0,10321568.0,1286.0
4016,2024-07-01,74.96,76.33,73.59,73.71,-1.48,-1.97,231541.0,17323017.6,1926.0
4016,2024-06-30,74.73,75.99,73.25,75.19,1.03,1.39,217784.0,16327196.8,1886.0
4016,2024-06-27,74.51,75.19,73.71,74.16,-0.35,-0.47,174888.0,12990413.6,1489.0
4016,2024-06-26,73.82,76.56,73.48,74.51,1.38,1.89,551898.0,41646856.2,3192.0
4016,2024-06-25,71.08,73.48,71.08,73.13,1.71,2.39,120135.0,8734160.6,1567.0
4016,2024-06-24,71.08,72.11,70.51,71.42,0.34,0.48,76493.0,5439349.6,1261.0
4016,2024-06-23,70.85,71.88,70.73,71.08,-0.68,-0.95,85407.0,6080062.6,1461.0
4016,2024-06-13,72.91,72.91,70.96,71.76,-0.35,-0.49,111215.0,7967257.0,1332.0
4016,2024-06-12,74.05,74.05,71.88,72.11,-1.94,-2.62,196547.0,14300976.4,1528.0
4016,2024-06-11,72.56,74.96,72.11,74.05,1.03,1.41,287661.0,21275721.4,2309.0
4016,2024-06-10,71.65,73.48,71.31,73.02,1.71,2.4,212528.0,15432052.8,2216.0
4016,2024-06-09,70.85,72.11,70.39,71.31,1.03,1.47,193148.0,13774490.4,2417.0
4016,2024-06-06,70.62,71.99,69.71,70.28,-0.57,-0.8,154633.0,10932294.8,1916.0
4016,2024-06-05,72.33,72.56,69.59,70.85,-1.48,-2.05,319526.0,22633775.6,2481.0
4016,2024-06-04,73.82,75.31,72.33,72.33,-1.38,-1.87,300905.0,22199262.6,2119.0
4016,2024-06-03,72.56,73.93,72.11,73.71,1.15,1.58,290362.0,21242446.2,2200.0
4016,2024-06-02,73.13,73.13,71.19,72.56,-0.57,-0.78,150177.0,10809991.8,2002.0
4016,2024-05-30,73.36,73.36,70.62,73.13,0.45,0.62,453484.0,32638661.0,2825.0
4016,2024-05-29,73.71,73.71,71.99,72.68,-0.45,-0.62,304108.0,22174446.2,2243.0
4016,2024-05-28,77.02,77.02,72.56,73.13,-3.55,-4.63,511412.0,37911985.6,3558.0
4016,2024-05-27,77.02,78.28,75.76,76.68,-0.34,-0.44,195716.0,15039475.8,1721.0
4016,2024-05-26,76.56,77.02,75.53,77.02,0.8,1.05,145301.0,11062146.8,1560.0
4016,2024-05-23,76.9,77.36,75.65,76.22,-0.34,-0.44,104876.0,8026616.8,1552.0
4016,2024-05-22,76.45,77.13,75.08,76.56,0.11,0.14,222839.0,16969346.6,2049.0
4016,2024-05-21,78.96,79.53,76.45,76.45,-2.4,-3.04,270891.0,21022882.0,2682.0
4016,2024-05-20,79.99,80.56,77.82,78.85,-1.03,-1.29,385638.0,30387643.0,2646.0
4016,2024-05-19,80.45,82.28,79.42,79.88,-0.68,-0.84,337796.0,27365745.6,2596.0
4016,2024-05-16,82.28,82.28,79.76,80.56,-1.26,-1.54,158697.0,12825377.8,1868.0
4016,2024-05-15,80.68,82.05,80.45,81.82,1.14,1.41,126299.0,10286551.2,1731.0
4016,2024-05-14,82.62,82.85,80.56,80.68,-2.17,-2.62,187234.0,15254656.6,2114.0
4016,2024-05-13,84.1,84.1,82.28,82.85,-1.48,-1.76,217781.0,18089660.6,1914.0
4016,2024-05-12,85.13,85.7,83.88,84.33,-1.26,-1.47,113626.0,9615051.2,1509.0
4016,2024-05-09,87.88,87.88,85.36,85.59,-1.26,-1.45,192716.0,16661985.0,1837.0
4016,2024-05-08,88.79,89.13,86.62,86.85,-1.71,-1.93,336699.0,29553363.6,2449.0
4016,2024-05-07,85.59,88.56,84.56,88.56,2.97,3.47,579593.0,50343107.2,3402.0
4016,2024-05-06,83.76,86.28,83.53,85.59,1.94,2.32,372844.0,31786992.4,2767.0
4016,2024-05-05,84.9,85.25,83.53,83.65,-0.68,-0.81,120371.0,10132151.8,1412.0
4016,2024-05-02,82.96,85.25,82.85,84.33,1.48,1.79,182033.0,15326622.0,1772.0
4016,2024-05-01,84.56,84.56,82.73,82.85,-1.71,-2.02,239748.0,19991015.0,2032.0
4016,2024-04-30,82.28,84.68,81.82,84.56,2.06,2.5,268252.0,22303267.4,2127.0
4016,2024-04-29,81.59,83.65,81.36,82.5,1.25,1.54,173360.0,14312471.4,1934.0
4016,2024-04-28,82.39,82.85,81.25,81.25,-1.71,-2.06,144512.0,11803155.0,1918.0
4016,2024-04-25,83.99,84.1,81.48,82.96,-0.69,-0.82,233386.0,19256109.2,2139.0
4016,2024-04-24,84.1,84.45,81.7,83.65,-0.91,-1.08,340416.0,28294763.8,2589.0
4016,2024-04-23,85.82,85.82,84.22,84.56,-1.14,-1.33,245063.0,20786870.2,2184.0
4016,2024-04-22,85.48,86.73,84.79,85.7,0.22,0.26,294647.0,25285766.8,2483.0
4016,2024-04-21,86.62,87.76,84.9,85.48,-1.14,-1.32,327330.0,28106851.2,3408.0
4016,2024-04-18,86.39,88.9,86.28,86.62,0.23,0.27,303485.0,26529554.4,2501.0
4016,2024-04-17,87.53,87.76,84.9,86.39,-1.14,-1.3,319079.0,27468720.6,3008.0
4016,2024-04-16,88.79,89.36,87.08,87.53,-1.26,-1.42,323420.0,28442595.6,2873.0
4016,2024-04-15,87.99,90.39,87.88,88.79,0.69,0.78,406424.0,36285978.0,3309.0
4016,2024-04-14,83.65,89.59,83.65,88.1,-1.26,-1.41,341897.0,29818636.4,3418.0
4016,2024-04-04,90.62,92.1,87.42,89.36,-0.8,-0.89,551357.0,49235341.0,4341.0
4016,2024-04-03,86.05,90.62,85.59,90.16,4.46,5.2,880220.0,77714706.0,5262.0
4016,2024-04-02,81.25,88.79,81.02,85.7,4.0,4.9,1479568.0,124859377.2,6593.0
4016,2024-04-01,83.08,84.56,79.42,81.7,-1.95,-2.33,868968.0,70720905.2,9211.0
4016,2024-03-31,90.27,90.27,83.42,83.65,-7.08,-7.8,712876.0,61477270.6,6895.0
4016,2024-03-28,94.27,94.85,90.39,90.73,-3.66,-3.88,660793.0,60531974.6,5856.0
4016,2024-03-27,95.07,97.02,93.82,94.39,-1.71,-1.78,592223.0,56242554.2,5350.0
4016,2024-03-26,100.44,101.36,94.96,96.1,-3.77,-3.77,657632.0,64447909.8,5471.0
4016,2024-03-25,101.36,101.93,99.53,99.87,-1.26,-1.25,415479.0,41754378.8,3427.0
4016,2024-03-24,101.13,103.99,100.56,101.13,0.34,0.34,775337.0,79149752.2,5335.0
4016,2024-03-21,101.36,101.82,100.44,100.79,-0.57,-0.56,248969.0,25140423.4,2641.0
4016,2024-03-20,101.82,102.39,100.67,101.36,-0.23,-0.23,322799.0,32778262.0,2925.0
4016,2024-03-19,102.27,102.5,101.24,101.59,-0.23,-0.23,310188.0,31568152.2,3069.0
4016,2024-03-18,102.39,104.44,101.24,101.82,-0.45,-0.44,610856.0,62847580.4,4958.0
4016,2024-03-17,101.93,102.5,101.02,102.27,0.34,0.33,444892.0,45212924.2,4914.0
4016,2024-03-14,102.84,103.76,101.13,101.93,-0.69,-0.67,553408.0,56735675.2,4877.0
4016,2024-03-13,102.27,103.53,99.99,102.62,0.35,0.34,1033500.0,105089074.8,7784.0
4016,2024-03-12,103.87,105.24,102.27,102.27,-1.49,-1.44,604277.0,62655114.4,4965.0
4016,2024-03-11,105.36,105.59,102.04,103.76,-1.48,-1.41,585864.0,60597750.6,5797.0
4016,2024-03-10,109.13,109.59,104.44,105.24,-2.18,-2.03,1328672.0,141791244.8,11169.0
4016,2024-03-07,101.93,110.62,101.93,107.42,5.6,5.5,3303545.0,353864366.8,19743.0
4016,2024-03-06,101.36,104.1,99.3,101.82,0.23,0.23,1924927.0,196390487.2,16037.0
4016,2024-03-05,107.99,109.24,100.67,101.59,-5.83,-5.43,2486985.0,258595032.4,24226.0
4016,2024-03-04,110.96,111.07,105.02,107.42,-3.08,-2.79,3106879.0,333345203.2,35488.0
4016,2024-03-03,108.44,112.9,105.59,110.5,7.77,7.56,7300120.0,806213086.2,58025.0
4016,2024-02-29,86.96,102.73,86.96,102.73,23.65,29.91,4505581.0,460363620.0,28998.0
4016,2024-02-28,66.96,79.08,66.96,79.08,18.17,29.83,264482.0,20896554.0,4266.0
4016,2024-02-27,51.54,60.91,51.54,60.91,60.91,0.0,15173.0,921035.0,3073.0
